subset,condition,questions,correct,invalid,accuracy,ci95_low,ci95_high
all,no_context,970,600,3,0.6185567010309279,0.5835051546391753,0.6525773195876289
all,original,970,942,0,0.9711340206185567,0.9587628865979382,0.9814432989690721
all,summary,970,833,0,0.8587628865979381,0.8340206185567011,0.8814432989690721
all,knowledge_units,970,896,0,0.9237113402061856,0.9041237113402062,0.9412371134020618
arxiv,no_context,500,295,3,0.59,0.54,0.64
arxiv,original,500,480,0,0.96,0.94,0.976
arxiv,summary,500,413,0,0.826,0.79,0.86
arxiv,knowledge_units,500,451,0,0.902,0.87,0.93
bethgelab,no_context,470,305,0,0.648936170212766,0.6042553191489362,0.6936170212765957
bethgelab,original,470,462,0,0.9829787234042553,0.9723404255319149,0.9936170212765958
bethgelab,summary,470,420,0,0.8936170212765957,0.8638297872340426,0.9212765957446809
bethgelab,knowledge_units,470,445,0,0.9468085106382979,0.925531914893617,0.9659574468085106
