model,condition,questions,correct,invalid,accuracy,ci95_low,ci95_high
baseline,no_context,970,600,3,0.6185567010309279,0.5835051546391753,0.6525773195876289
baseline,original,970,942,0,0.9711340206185567,0.9587628865979382,0.9814432989690721
baseline,summary,970,833,0,0.8587628865979381,0.8340206185567011,0.8814432989690721
baseline,knowledge_units,970,896,0,0.9237113402061856,0.9041237113402062,0.9412371134020618
qwen27b,no_context,970,600,3,0.6185567010309279,0.5835051546391753,0.6525773195876289
qwen27b,original,970,942,0,0.9711340206185567,0.9587628865979382,0.9814432989690721
qwen27b,summary,970,833,0,0.8587628865979381,0.8340206185567011,0.8814432989690721
qwen27b,knowledge_units,970,896,0,0.9237113402061856,0.9041237113402062,0.9412371134020618
qwen27b,qwen_summary,970,872,0,0.8989690721649485,0.877319587628866,0.9195876288659793
qwen35_9b,no_context,970,600,3,0.6185567010309279,0.5835051546391753,0.6525773195876289
qwen35_9b,original,970,942,0,0.9711340206185567,0.9587628865979382,0.9814432989690721
qwen35_9b,summary,970,833,0,0.8587628865979381,0.8340206185567011,0.8814432989690721
qwen35_9b,knowledge_units,970,896,0,0.9237113402061856,0.9041237113402062,0.9412371134020618
qwen35_9b,qwen_summary,970,852,0,0.8783505154639175,0.8546391752577319,0.9010309278350516
