condition,document_id,source_sha256,summary_sha256,representation,narrative_longest_match,narrative_classification,narrative_coverage_6plus,evidence_longest_match,evidence_classification,evidence_coverage_6plus,metadata_longest_match,metadata_classification,metadata_coverage_6plus
Legacy Qwen27 early failed draft snapshot / returned generation,arxiv-121,d3a694eff94f3b4b16cb0b402152cc9c29d7beea9452d1d41f2e94d279cf97fc,e159190f504e1704eaa7433120ddf21bb328fb2941461d04ac418bdff68b9341,schema_object,14,violation_7plus,0.24171187462326701,4,within_5,0.0,13,violation_7plus,0.28888888888888886
Legacy Qwen27 early failed draft snapshot / returned generation,arxiv-121,d3a694eff94f3b4b16cb0b402152cc9c29d7beea9452d1d41f2e94d279cf97fc,c83db87f94ef0cb11c9fe8ccf97a87e6581498a6d41577569ee3584cfb43bd92,schema_object,11,violation_7plus,0.15920826161790017,3,within_5,0.0,13,violation_7plus,0.3170731707317073
Legacy Qwen27 early failed draft snapshot / returned generation,arxiv-121,d3a694eff94f3b4b16cb0b402152cc9c29d7beea9452d1d41f2e94d279cf97fc,befcc1acb61f32c1a2eb76ba93f9c82c7042c0bbe6ed9e5cc3e5038447a20c27,schema_object,11,violation_7plus,0.14973730297723292,4,within_5,0.0,13,violation_7plus,0.28888888888888886
Legacy Qwen27 early failed draft snapshot / returned full_summary_repair,arxiv-121,d3a694eff94f3b4b16cb0b402152cc9c29d7beea9452d1d41f2e94d279cf97fc,6c8881a349010030ecb2bd2e9c13282e0e405ff613bc5ba9dddf434f999c3511,schema_object,11,violation_7plus,0.14973730297723292,4,within_5,0.0,13,violation_7plus,0.28888888888888886
Legacy Qwen27 early failed draft snapshot / returned generation,arxiv-126,1930d76ba55aeb0001455f2343b31339a7ebd4c1eaa1881c3cc97bef9f4572d8,3cf577a3f560203e068ed0fa6ada45e4f34b61893086e803b3a933ae0f75d9ec,schema_object,11,violation_7plus,0.13328631875881522,4,within_5,0.0,11,violation_7plus,0.14666666666666667
Legacy Qwen27 early failed draft snapshot / returned generation,arxiv-126,1930d76ba55aeb0001455f2343b31339a7ebd4c1eaa1881c3cc97bef9f4572d8,dafbdda1bbb13beb22cef1cf95fe079dec66c4a0fa0cda6fbf3a7ff7d86f460a,schema_object,11,violation_7plus,0.12048192771084337,3,within_5,0.0,11,violation_7plus,0.14864864864864866
Legacy Qwen27 early failed draft snapshot / returned generation,arxiv-126,1930d76ba55aeb0001455f2343b31339a7ebd4c1eaa1881c3cc97bef9f4572d8,d84cfe75cbede702b2d985d9de76f9881d66f52a80c1a5a3dcad23173b83e691,schema_object,11,violation_7plus,0.12188365650969529,3,within_5,0.0,11,violation_7plus,0.14864864864864866
Legacy Qwen27 early failed draft snapshot / returned full_summary_repair,arxiv-126,1930d76ba55aeb0001455f2343b31339a7ebd4c1eaa1881c3cc97bef9f4572d8,4217576ae33849adbbcf7ec4b987d72779b41a212da58e7dbe662ea78da4f67f,schema_object,11,violation_7plus,0.1231630510846746,3,within_5,0.0,11,violation_7plus,0.14864864864864866
Legacy Qwen27 early failed draft snapshot / returned full_summary_repair,arxiv-126,1930d76ba55aeb0001455f2343b31339a7ebd4c1eaa1881c3cc97bef9f4572d8,b613207d6c4513461eeaa6bf7f87b2111108f4ac71060e6e68df0860d23059de,schema_object,11,violation_7plus,0.1231630510846746,3,within_5,0.0,11,violation_7plus,0.14864864864864866
