cohort,condition,document_id,status,longest_narrative_match,coverage_six_plus,longest_evidence_match,longest_metadata_match
new20,qwen_ku1000,fresh-arxiv-1599059,generated,12,0.08695652173913043,0,11
new20,qwen_ku500,fresh-arxiv-1599059,generated,11,0.04519774011299435,0,11
new20,qwen_summary,fresh-arxiv-1599059,generated,10,0.11134020618556702,4,11
new20,gemma4_base_ku1000,fresh-arxiv-1599059,generated,23,0.3419773095623987,0,11
new20,gemma4_r128_ku1000,fresh-arxiv-1599059,generated,10,0.09409190371991247,0,11
new20,gemma4_base_summary,fresh-arxiv-1599059,generated,13,0.052132701421800945,15,11
new20,gemma4_r128_summary,fresh-arxiv-1599059,generated,17,0.06660039761431412,16,11
new20,gemma12_base_ku1000,fresh-arxiv-1599059,generated,7,0.034050179211469536,0,11
new20,gemma12_r128_ku1000,fresh-arxiv-1599059,generated,11,0.11818181818181818,0,11
new20,gemma12_base_summary,fresh-arxiv-1599059,generated,17,0.12813738441215325,8,11
new20,gemma12_r128_summary,fresh-arxiv-1599059,generated,20,0.126232741617357,8,11
new20,gemma12_previous_summary_lora,fresh-arxiv-1599059,generated,21,0.12195121951219512,7,11
new20,qwen_ku1000,fresh-arxiv-1599067,generated,13,0.10691515448749386,0,13
new20,qwen_ku500,fresh-arxiv-1599067,generated,17,0.12189388851578241,0,13
new20,qwen_summary,fresh-arxiv-1599067,generated,8,0.10233682514101532,11,13
new20,gemma4_base_ku1000,fresh-arxiv-1599067,generated,12,0.1977077363896848,0,13
new20,gemma4_r128_ku1000,fresh-arxiv-1599067,generated,20,0.1633720930232558,0,13
new20,gemma4_base_summary,fresh-arxiv-1599067,generated,7,0.051047120418848166,23,25
new20,gemma4_r128_summary,fresh-arxiv-1599067,generated,11,0.0925181013676589,21,13
new20,gemma12_base_ku1000,fresh-arxiv-1599067,generated,12,0.0773966578715919,0,13
new20,gemma12_r128_ku1000,fresh-arxiv-1599067,generated,14,0.12733260153677278,0,13
new20,gemma12_base_summary,fresh-arxiv-1599067,generated,10,0.125250501002004,6,25
new20,gemma12_r128_summary,fresh-arxiv-1599067,generated,9,0.09917920656634747,9,25
new20,gemma12_previous_summary_lora,fresh-arxiv-1599067,generated,28,0.2007233273056058,5,25
new20,qwen_ku1000,fresh-arxiv-1599052,generated,22,0.09898843930635838,0,22
new20,qwen_ku500,fresh-arxiv-1599052,generated,22,0.09271270507439909,0,22
new20,qwen_summary,fresh-arxiv-1599052,generated,7,0.0575609756097561,5,22
new20,gemma4_base_ku1000,fresh-arxiv-1599052,generated,24,0.263215859030837,0,22
new20,gemma4_r128_ku1000,fresh-arxiv-1599052,generated,22,0.11419249592169657,0,22
new20,gemma4_base_summary,fresh-arxiv-1599052,generated,9,0.06654512306289881,8,22
new20,gemma4_r128_summary,fresh-arxiv-1599052,generated,8,0.024110218140068886,13,22
new20,gemma12_base_ku1000,fresh-arxiv-1599052,generated,18,0.16615698267074414,0,22
new20,gemma12_r128_ku1000,fresh-arxiv-1599052,generated,12,0.07456140350877193,0,22
new20,gemma12_base_summary,fresh-arxiv-1599052,generated,14,0.12686567164179105,5,22
new20,gemma12_r128_summary,fresh-arxiv-1599052,generated,11,0.06896551724137931,9,22
new20,gemma12_previous_summary_lora,fresh-arxiv-1599052,generated,24,0.16150740242261102,9,22
new20,qwen_ku1000,fresh-arxiv-1599053,generated,12,0.08339828526890102,0,16
new20,qwen_ku500,fresh-arxiv-1599053,generated,16,0.06823266219239374,0,16
new20,qwen_summary,fresh-arxiv-1599053,generated,10,0.06503496503496503,5,16
new20,gemma4_base_ku1000,fresh-arxiv-1599053,generated,14,0.20711974110032363,0,16
new20,gemma4_r128_ku1000,fresh-arxiv-1599053,generated,12,0.08836023789294817,0,16
new20,gemma4_base_summary,fresh-arxiv-1599053,generated,22,0.084,17,16
new20,gemma4_r128_summary,fresh-arxiv-1599053,generated,8,0.03241106719367589,22,16
new20,gemma12_base_ku1000,fresh-arxiv-1599053,generated,6,0.008559201141226819,0,16
new20,gemma12_r128_ku1000,fresh-arxiv-1599053,generated,14,0.1004983388704319,0,16
new20,gemma12_base_summary,fresh-arxiv-1599053,generated,13,0.11134020618556702,7,16
new20,gemma12_r128_summary,fresh-arxiv-1599053,generated,10,0.05972850678733032,7,16
new20,gemma12_previous_summary_lora,fresh-arxiv-1599053,generated,18,0.12010443864229765,4,16
new20,qwen_ku1000,fresh-arxiv-1599072,generated,8,0.07130124777183601,0,8
new20,qwen_ku500,fresh-arxiv-1599072,generated,10,0.07509663169519602,0,8
new20,qwen_summary,fresh-arxiv-1599072,generated,10,0.18507462686567164,4,9
new20,gemma4_base_ku1000,fresh-arxiv-1599072,generated,12,0.22795969773299748,0,8
new20,gemma4_r128_ku1000,fresh-arxiv-1599072,generated,10,0.12003244120032441,0,8
new20,gemma4_base_summary,fresh-arxiv-1599072,generation_failed,,,,
new20,gemma4_r128_summary,fresh-arxiv-1599072,generated,9,0.023305084745762712,18,9
new20,gemma12_base_ku1000,fresh-arxiv-1599072,generated,9,0.07321428571428572,0,8
new20,gemma12_r128_ku1000,fresh-arxiv-1599072,generated,9,0.06196377502383222,0,8
new20,gemma12_base_summary,fresh-arxiv-1599072,generated,10,0.22950819672131148,7,9
new20,gemma12_r128_summary,fresh-arxiv-1599072,generated,14,0.16626794258373206,4,9
new20,gemma12_previous_summary_lora,fresh-arxiv-1599072,generated,13,0.15777262180974477,12,9
new20,qwen_ku1000,fresh-arxiv-1599097,generated,10,0.08648989898989899,0,6
new20,qwen_ku500,fresh-arxiv-1599097,generated,13,0.10170250896057348,0,6
new20,qwen_summary,fresh-arxiv-1599097,generated,10,0.13100436681222707,7,6
new20,gemma4_base_ku1000,fresh-arxiv-1599097,generated,17,0.23677884615384615,0,6
new20,gemma4_r128_ku1000,fresh-arxiv-1599097,generated,14,0.07896528250510551,0,6
new20,gemma4_base_summary,fresh-arxiv-1599097,generated,8,0.04500548847420417,8,9
new20,gemma4_r128_summary,fresh-arxiv-1599097,generation_failed,,,,
new20,gemma12_base_ku1000,fresh-arxiv-1599097,generated,11,0.06673842841765339,0,6
new20,gemma12_r128_ku1000,fresh-arxiv-1599097,generated,13,0.07723855092276145,0,6
new20,gemma12_base_summary,fresh-arxiv-1599097,generated,12,0.16574585635359115,9,6
new20,gemma12_r128_summary,fresh-arxiv-1599097,generated,9,0.1360708534621578,7,6
new20,gemma12_previous_summary_lora,fresh-arxiv-1599097,generated,20,0.13783132530120482,6,6
new20,qwen_ku1000,fresh-arxiv-1599063,generated,10,0.09483960948396095,0,10
new20,qwen_ku500,fresh-arxiv-1599063,generated,10,0.0687593423019432,0,10
new20,qwen_summary,fresh-arxiv-1599063,generated,11,0.09781659388646288,4,10
new20,gemma4_base_ku1000,fresh-arxiv-1599063,generated,41,0.3254901960784314,0,10
new20,gemma4_r128_ku1000,fresh-arxiv-1599063,generated,11,0.15723270440251572,0,10
new20,gemma4_base_summary,fresh-arxiv-1599063,generated,12,0.04177545691906005,9,33
new20,gemma4_r128_summary,fresh-arxiv-1599063,generated,10,0.03961352657004831,11,10
new20,gemma12_base_ku1000,fresh-arxiv-1599063,generated,6,0.0332409972299169,0,10
new20,gemma12_r128_ku1000,fresh-arxiv-1599063,generated,10,0.049531459170013385,0,10
new20,gemma12_base_summary,fresh-arxiv-1599063,generated,9,0.11428571428571428,4,24
new20,gemma12_r128_summary,fresh-arxiv-1599063,generated,13,0.14981549815498155,3,24
new20,gemma12_previous_summary_lora,fresh-arxiv-1599063,generated,15,0.1332916145181477,3,10
new20,qwen_ku1000,fresh-arxiv-1599075,generated,12,0.08098891730605286,0,20
new20,qwen_ku500,fresh-arxiv-1599075,generated,12,0.0816233470132239,0,20
new20,qwen_summary,fresh-arxiv-1599075,generated,9,0.04219409282700422,4,20
new20,gemma4_base_ku1000,fresh-arxiv-1599075,generated,16,0.14378238341968913,0,20
new20,gemma4_r128_ku1000,fresh-arxiv-1599075,generated,20,0.1131928181108509,0,20
new20,gemma4_base_summary,fresh-arxiv-1599075,generated,7,0.050292397660818715,8,24
new20,gemma4_r128_summary,fresh-arxiv-1599075,generated,9,0.08108108108108109,6,24
new20,gemma12_base_ku1000,fresh-arxiv-1599075,generation_failed,8,0.06403940886699508,0,20
new20,gemma12_r128_ku1000,fresh-arxiv-1599075,generated,12,0.0792626728110599,0,20
new20,gemma12_base_summary,fresh-arxiv-1599075,generated,9,0.04287369640787949,5,24
new20,gemma12_r128_summary,fresh-arxiv-1599075,generated,8,0.05832793259883344,11,24
new20,gemma12_previous_summary_lora,fresh-arxiv-1599075,generated,8,0.027099067081297203,12,20
new20,qwen_ku1000,fresh-arxiv-1599088,generated,10,0.10438908659549229,0,12
new20,qwen_ku500,fresh-arxiv-1599088,generated,11,0.1397919375812744,0,12
new20,qwen_summary,fresh-arxiv-1599088,generated,9,0.11145038167938931,5,12
new20,gemma4_base_ku1000,fresh-arxiv-1599088,generated,13,0.2417391304347826,0,12
new20,gemma4_r128_ku1000,fresh-arxiv-1599088,generated,9,0.08770161290322581,0,12
new20,gemma4_base_summary,fresh-arxiv-1599088,generated,10,0.06367924528301887,9,15
new20,gemma4_r128_summary,fresh-arxiv-1599088,generated,9,0.032679738562091505,12,12
new20,gemma12_base_ku1000,fresh-arxiv-1599088,generated,8,0.07528641571194762,0,12
new20,gemma12_r128_ku1000,fresh-arxiv-1599088,generated,12,0.10508083140877598,0,12
new20,gemma12_base_summary,fresh-arxiv-1599088,generated,10,0.1563071297989031,6,15
new20,gemma12_r128_summary,fresh-arxiv-1599088,generated,10,0.09288299155609167,5,15
new20,gemma12_previous_summary_lora,fresh-arxiv-1599088,generated,11,0.15635005336179295,9,15
new20,qwen_ku1000,fresh-arxiv-1599094,generated,15,0.16265060240963855,0,6
new20,qwen_ku500,fresh-arxiv-1599094,generated,15,0.1407328730748805,0,6
new20,qwen_summary,fresh-arxiv-1599094,generated,7,0.05005005005005005,7,8
new20,gemma4_base_ku1000,fresh-arxiv-1599094,generated,24,0.25833333333333336,0,6
new20,gemma4_r128_ku1000,fresh-arxiv-1599094,generated,26,0.24727272727272728,0,6
new20,gemma4_base_summary,fresh-arxiv-1599094,generated,11,0.05034965034965035,17,8
new20,gemma4_r128_summary,fresh-arxiv-1599094,generated,9,0.037298387096774195,6,8
new20,gemma12_base_ku1000,fresh-arxiv-1599094,generated,15,0.14597544338335608,0,6
new20,gemma12_r128_ku1000,fresh-arxiv-1599094,generated,15,0.16607142857142856,0,6
new20,gemma12_base_summary,fresh-arxiv-1599094,generated,11,0.14469453376205788,5,8
new20,gemma12_r128_summary,fresh-arxiv-1599094,generated,18,0.20760233918128654,10,8
new20,gemma12_previous_summary_lora,fresh-arxiv-1599094,generated,17,0.10671256454388985,10,8
new20,qwen_ku1000,fresh-bethgelab-298315,generated,11,0.11067961165048544,0,18
new20,qwen_ku500,fresh-bethgelab-298315,generated,18,0.09557109557109557,0,18
new20,qwen_summary,fresh-bethgelab-298315,generated,11,0.09931506849315068,4,18
new20,gemma4_base_ku1000,fresh-bethgelab-298315,generated,10,0.17806267806267806,0,18
new20,gemma4_r128_ku1000,fresh-bethgelab-298315,generated,18,0.12154696132596685,0,18
new20,gemma4_base_summary,fresh-bethgelab-298315,generated,12,0.04738154613466334,32,18
new20,gemma4_r128_summary,fresh-bethgelab-298315,generated,11,0.09486166007905138,15,18
new20,gemma12_base_ku1000,fresh-bethgelab-298315,generated,7,0.07952871870397643,0,18
new20,gemma12_r128_ku1000,fresh-bethgelab-298315,generated,18,0.10428849902534112,0,18
new20,gemma12_base_summary,fresh-bethgelab-298315,generated,18,0.2882051282051282,6,18
new20,gemma12_r128_summary,fresh-bethgelab-298315,generated,12,0.1941083640189374,9,18
new20,gemma12_previous_summary_lora,fresh-bethgelab-298315,generated,17,0.18525798525798526,7,18
new20,qwen_ku1000,fresh-bethgelab-298313,generated,9,0.03908355795148248,0,11
new20,qwen_ku500,fresh-bethgelab-298313,generated,12,0.0777846919726198,0,11
new20,qwen_summary,fresh-bethgelab-298313,generated,9,0.051590106007067135,4,11
new20,gemma4_base_ku1000,fresh-bethgelab-298313,generated,15,0.14349775784753363,0,11
new20,gemma4_r128_ku1000,fresh-bethgelab-298313,generated,11,0.05818181818181818,0,11
new20,gemma4_base_summary,fresh-bethgelab-298313,generated,7,0.029017857142857144,8,95
new20,gemma4_r128_summary,fresh-bethgelab-298313,generated,7,0.02872531418312388,27,11
new20,gemma12_base_ku1000,fresh-bethgelab-298313,generated,11,0.032640949554896145,0,11
new20,gemma12_r128_ku1000,fresh-bethgelab-298313,generated,15,0.19291338582677164,0,11
new20,gemma12_base_summary,fresh-bethgelab-298313,generated,10,0.13926701570680627,8,11
new20,gemma12_r128_summary,fresh-bethgelab-298313,generated,10,0.10229799851742032,56,11
new20,gemma12_previous_summary_lora,fresh-bethgelab-298313,generated,23,0.1724137931034483,6,11
new20,qwen_ku1000,fresh-bethgelab-298331,generated,13,0.07195301027900147,0,23
new20,qwen_ku500,fresh-bethgelab-298331,generated,18,0.11360294117647059,0,23
new20,qwen_summary,fresh-bethgelab-298331,generated,10,0.09703504043126684,5,23
new20,gemma4_base_ku1000,fresh-bethgelab-298331,generated,18,0.12280701754385964,0,23
new20,gemma4_r128_ku1000,fresh-bethgelab-298331,generated,11,0.06269592476489028,0,23
new20,gemma4_base_summary,fresh-bethgelab-298331,generated,11,0.04249667994687915,33,30
new20,gemma4_r128_summary,fresh-bethgelab-298331,generated,9,0.07468879668049792,18,23
new20,gemma12_base_ku1000,fresh-bethgelab-298331,generated,11,0.09869848156182212,0,23
new20,gemma12_r128_ku1000,fresh-bethgelab-298331,generated,18,0.12407407407407407,0,23
new20,gemma12_base_summary,fresh-bethgelab-298331,generated,9,0.12197802197802197,4,23
new20,gemma12_r128_summary,fresh-bethgelab-298331,generated,10,0.08483033932135728,17,23
new20,gemma12_previous_summary_lora,fresh-bethgelab-298331,generated,17,0.17418099253973401,4,23
new20,qwen_ku1000,fresh-bethgelab-298348,generated,9,0.08358895705521473,0,19
new20,qwen_ku500,fresh-bethgelab-298348,generated,30,0.18771075309104535,0,19
new20,qwen_summary,fresh-bethgelab-298348,generated,13,0.2266857962697274,5,19
new20,gemma4_base_ku1000,fresh-bethgelab-298348,generated,17,0.20121028744326777,0,19
new20,gemma4_r128_ku1000,fresh-bethgelab-298348,generated,24,0.16604616530156366,0,19
new20,gemma4_base_summary,fresh-bethgelab-298348,generated,10,0.08625730994152046,19,19
new20,gemma4_r128_summary,fresh-bethgelab-298348,generated,9,0.10013175230566534,46,19
new20,gemma12_base_ku1000,fresh-bethgelab-298348,generated,9,0.07514450867052024,0,19
new20,gemma12_r128_ku1000,fresh-bethgelab-298348,generated,19,0.11392405063291139,0,19
new20,gemma12_base_summary,fresh-bethgelab-298348,generated,17,0.352112676056338,5,19
new20,gemma12_r128_summary,fresh-bethgelab-298348,generated,10,0.07347972972972973,13,97
new20,gemma12_previous_summary_lora,fresh-bethgelab-298348,generated,10,0.1316793893129771,5,19
new20,qwen_ku1000,fresh-bethgelab-298329,generated,12,0.14285714285714285,0,12
new20,qwen_ku500,fresh-bethgelab-298329,generated,12,0.12900394910048266,0,12
new20,qwen_summary,fresh-bethgelab-298329,generated,12,0.19383259911894274,6,12
new20,gemma4_base_ku1000,fresh-bethgelab-298329,generated,12,0.18195956454121306,0,12
new20,gemma4_r128_ku1000,fresh-bethgelab-298329,generated,16,0.23569951757408683,0,12
new20,gemma4_base_summary,fresh-bethgelab-298329,generated,11,0.06910569105691057,7,12
new20,gemma4_r128_summary,fresh-bethgelab-298329,generated,12,0.10377358490566038,19,12
new20,gemma12_base_ku1000,fresh-bethgelab-298329,generated,12,0.11473429951690821,0,12
new20,gemma12_r128_ku1000,fresh-bethgelab-298329,generated,12,0.09381663113006397,0,12
new20,gemma12_base_summary,fresh-bethgelab-298329,generated,16,0.20506912442396313,4,22
new20,gemma12_r128_summary,fresh-bethgelab-298329,generated,12,0.22097053726169844,6,22
new20,gemma12_previous_summary_lora,fresh-bethgelab-298329,generated,26,0.3196573489630298,6,12
new20,qwen_ku1000,fresh-bethgelab-298328,generated,11,0.1620021528525296,0,10
new20,qwen_ku500,fresh-bethgelab-298328,generated,11,0.12085635359116022,0,10
new20,qwen_summary,fresh-bethgelab-298328,generated,16,0.1595744680851064,5,10
new20,gemma4_base_ku1000,fresh-bethgelab-298328,generated,13,0.23429084380610413,0,10
new20,gemma4_r128_ku1000,fresh-bethgelab-298328,generated,11,0.12107870115575124,0,10
new20,gemma4_base_summary,fresh-bethgelab-298328,generated,12,0.036904761904761905,7,52
new20,gemma4_r128_summary,fresh-bethgelab-298328,generated,8,0.05035405192761605,21,10
new20,gemma12_base_ku1000,fresh-bethgelab-298328,generated,8,0.08449074074074074,0,10
new20,gemma12_r128_ku1000,fresh-bethgelab-298328,generated,12,0.11082802547770701,0,10
new20,gemma12_base_summary,fresh-bethgelab-298328,generated,13,0.17387543252595156,8,35
new20,gemma12_r128_summary,fresh-bethgelab-298328,generated,20,0.32805755395683456,7,35
new20,gemma12_previous_summary_lora,fresh-bethgelab-298328,generated,16,0.15943728018757328,6,10
new20,qwen_ku1000,fresh-bethgelab-298314,generated,21,0.11586452762923351,0,8
new20,qwen_ku500,fresh-bethgelab-298314,generated,31,0.1198019801980198,0,8
new20,qwen_summary,fresh-bethgelab-298314,generated,8,0.049682875264270614,3,8
new20,gemma4_base_ku1000,fresh-bethgelab-298314,generated,12,0.1990811638591118,0,8
new20,gemma4_r128_ku1000,fresh-bethgelab-298314,generated,24,0.24581939799331104,0,8
new20,gemma4_base_summary,fresh-bethgelab-298314,generated,10,0.033478893740902474,8,8
new20,gemma4_r128_summary,fresh-bethgelab-298314,generated,8,0.06190476190476191,24,8
new20,gemma12_base_ku1000,fresh-bethgelab-298314,generated,9,0.1282420749279539,0,8
new20,gemma12_r128_ku1000,fresh-bethgelab-298314,generated,37,0.18824609733700642,0,8
new20,gemma12_base_summary,fresh-bethgelab-298314,generated,11,0.1400414937759336,7,8
new20,gemma12_r128_summary,fresh-bethgelab-298314,generated,13,0.07450980392156863,6,8
new20,gemma12_previous_summary_lora,fresh-bethgelab-298314,generated,26,0.15613026819923373,7,8
new20,qwen_ku1000,fresh-bethgelab-298338,generated,10,0.100080064051241,0,17
new20,qwen_ku500,fresh-bethgelab-298338,generated,20,0.101640838650866,0,17
new20,qwen_summary,fresh-bethgelab-298338,generated,12,0.14781746031746032,4,17
new20,gemma4_base_ku1000,fresh-bethgelab-298338,generated,13,0.12572759022118743,0,17
new20,gemma4_r128_ku1000,fresh-bethgelab-298338,generated,20,0.1259320629660315,0,17
new20,gemma4_base_summary,fresh-bethgelab-298338,generated,12,0.08113391984359726,25,35
new20,gemma4_r128_summary,fresh-bethgelab-298338,generated,12,0.03399765533411489,34,17
new20,gemma12_base_ku1000,fresh-bethgelab-298338,generated,10,0.11523687580025609,0,17
new20,gemma12_r128_ku1000,fresh-bethgelab-298338,generated,17,0.133086876155268,0,17
new20,gemma12_base_summary,fresh-bethgelab-298338,generated,14,0.19248826291079812,5,35
new20,gemma12_r128_summary,fresh-bethgelab-298338,generated,14,0.14036617262423715,9,35
new20,gemma12_previous_summary_lora,fresh-bethgelab-298338,generated,23,0.22846441947565543,4,17
new20,qwen_ku1000,fresh-bethgelab-298346,generated,13,0.23207171314741035,0,11
new20,qwen_ku500,fresh-bethgelab-298346,generated,25,0.22674418604651161,0,11
new20,qwen_summary,fresh-bethgelab-298346,generated,9,0.14573991031390135,4,11
new20,gemma4_base_ku1000,fresh-bethgelab-298346,generated,25,0.2903885480572597,0,11
new20,gemma4_r128_ku1000,fresh-bethgelab-298346,generated,25,0.32275132275132273,0,11
new20,gemma4_base_summary,fresh-bethgelab-298346,generated,10,0.051682692307692304,12,19
new20,gemma4_r128_summary,fresh-bethgelab-298346,generation_failed,,,,
new20,gemma12_base_ku1000,fresh-bethgelab-298346,generated,9,0.19732441471571907,0,11
new20,gemma12_r128_ku1000,fresh-bethgelab-298346,generated,12,0.11059190031152648,0,11
new20,gemma12_base_summary,fresh-bethgelab-298346,generated,13,0.2531500572737686,6,19
new20,gemma12_r128_summary,fresh-bethgelab-298346,generated,16,0.12153038259564891,5,19
new20,gemma12_previous_summary_lora,fresh-bethgelab-298346,generated,17,0.15309446254071662,5,19
new20,qwen_ku1000,fresh-bethgelab-298333,generated,8,0.029281277728482696,0,16
new20,qwen_ku500,fresh-bethgelab-298333,generated,16,0.08604651162790698,0,16
new20,qwen_summary,fresh-bethgelab-298333,generated,14,0.09187620889748549,7,29
new20,gemma4_base_ku1000,fresh-bethgelab-298333,generated,10,0.1325478645066274,0,16
new20,gemma4_r128_ku1000,fresh-bethgelab-298333,generated,10,0.11411665257819104,0,16
new20,gemma4_base_summary,fresh-bethgelab-298333,generation_failed,,,,
new20,gemma4_r128_summary,fresh-bethgelab-298333,generated,8,0.03866809881847476,16,29
new20,gemma12_base_ku1000,fresh-bethgelab-298333,generated,5,0.0,0,16
new20,gemma12_r128_ku1000,fresh-bethgelab-298333,generated,35,0.10406091370558376,0,16
new20,gemma12_base_summary,fresh-bethgelab-298333,generated,10,0.14285714285714285,4,29
new20,gemma12_r128_summary,fresh-bethgelab-298333,generated,13,0.18690213392200147,5,29
new20,gemma12_previous_summary_lora,fresh-bethgelab-298333,generated,13,0.10551687198714516,6,29
old97,qwen_ku1000,arxiv-121,generated,10,0.06421356421356421,0,13
old97,qwen_ku500,arxiv-121,generated,13,0.06978760294755093,0,13
old97,gemma_previous_summary,arxiv-121,generated,13,0.1814497973885637,12,13
old97,qwen_ku1000,arxiv-126,generated,11,0.06196213425129088,0,11
old97,qwen_ku500,arxiv-126,generated,11,0.0687984496124031,0,11
old97,gemma_previous_summary,arxiv-126,generated,32,0.22130013831258644,9,11
old97,qwen_ku1000,arxiv-107,generated,9,0.04904632152588556,0,12
old97,qwen_ku500,arxiv-107,generated,15,0.09082813891362422,0,12
old97,gemma_previous_summary,arxiv-107,generated,28,0.2423146473779385,4,12
old97,qwen_ku1000,arxiv-102,generated,8,0.056790123456790124,0,6
old97,qwen_ku500,arxiv-102,generated,12,0.13872053872053872,0,6
old97,gemma_previous_summary,arxiv-102,generated,9,0.037296037296037296,9,10
old97,qwen_ku1000,arxiv-136,generated,11,0.24545454545454545,0,7
old97,qwen_ku500,arxiv-136,generated,20,0.19148936170212766,0,7
old97,gemma_previous_summary,arxiv-136,generated,13,0.16777308388654194,4,8
old97,qwen_ku1000,arxiv-149,generated,8,0.09281678773204197,0,6
old97,qwen_ku500,arxiv-149,generated,9,0.05766387382947265,0,6
old97,gemma_previous_summary,arxiv-149,generated,26,0.07622298065984073,5,6
old97,qwen_ku1000,arxiv-105,generated,11,0.10348706411698538,0,11
old97,qwen_ku500,arxiv-105,generated,13,0.11287988422575977,0,11
old97,gemma_previous_summary,arxiv-105,generated,19,0.24816176470588236,4,11
old97,qwen_ku1000,arxiv-115,generated,13,0.09265536723163842,0,11
old97,qwen_ku500,arxiv-115,generated,13,0.11256218905472637,0,11
old97,gemma_previous_summary,arxiv-115,generated,15,0.07130044843049327,6,24
old97,qwen_ku1000,arxiv-109,generated,16,0.12051868802440885,0,16
old97,qwen_ku500,arxiv-109,generated,16,0.08352455254703993,0,16
old97,gemma_previous_summary,arxiv-109,generated,23,0.18594436310395315,8,16
old97,qwen_ku1000,arxiv-140,generated,14,0.08903133903133903,0,6
old97,qwen_ku500,arxiv-140,generated,16,0.08781431334622825,0,6
old97,gemma_previous_summary,arxiv-140,generated,12,0.13428766189502386,15,6
old97,qwen_ku1000,arxiv-10033,generated,9,0.09731232622798888,0,9
old97,qwen_ku500,arxiv-10033,generated,11,0.09707064905226881,0,9
old97,gemma_previous_summary,arxiv-10033,generated,17,0.12915407854984895,6,53
old97,qwen_ku1000,arxiv-10019,generated,11,0.07340116279069768,0,10
old97,qwen_ku500,arxiv-10019,generated,13,0.051585623678646934,0,10
old97,gemma_previous_summary,arxiv-10019,generated,15,0.12474603819585535,7,10
old97,qwen_ku1000,arxiv-10021,generated,9,0.06390449438202248,0,9
old97,qwen_ku500,arxiv-10021,generated,13,0.05619469026548673,0,9
old97,gemma_previous_summary,arxiv-10021,generated,23,0.33777185974256546,7,11
old97,qwen_ku1000,arxiv-10024,generated,9,0.059332509270704575,0,9
old97,qwen_ku500,arxiv-10024,generated,19,0.08275328692962104,0,9
old97,gemma_previous_summary,arxiv-10024,generated,22,0.20991815117958595,5,9
old97,qwen_ku1000,arxiv-10047,generated,8,0.09031413612565445,0,4
old97,qwen_ku500,arxiv-10047,generated,9,0.08241758241758242,0,4
old97,gemma_previous_summary,arxiv-10047,generated,18,0.20742753623188406,5,4
old97,qwen_ku1000,arxiv-10038,generated,8,0.054310344827586204,0,6
old97,qwen_ku500,arxiv-10038,generated,9,0.0431484115694642,0,6
old97,gemma_previous_summary,arxiv-10038,generated,11,0.10724431818181818,5,6
old97,qwen_ku1000,arxiv-10037,generated,12,0.10490111779879621,0,12
old97,qwen_ku500,arxiv-10037,generated,22,0.11298838437170011,0,12
old97,gemma_previous_summary,arxiv-10037,generated,14,0.12461538461538461,6,12
old97,qwen_ku1000,arxiv-10035,generated,9,0.092560553633218,0,9
old97,qwen_ku500,arxiv-10035,generated,11,0.11464968152866242,0,9
old97,gemma_previous_summary,arxiv-10035,generated,22,0.20639269406392693,7,17
old97,qwen_ku1000,arxiv-10023,generated,14,0.0746031746031746,0,5
old97,qwen_ku500,arxiv-10023,generated,11,0.07797731568998109,0,5
old97,gemma_previous_summary,arxiv-10023,generated,25,0.06804572672836146,8,5
old97,qwen_ku1000,arxiv-10040,generated,12,0.08409090909090909,0,6
old97,qwen_ku500,arxiv-10040,generated,12,0.09170946441672781,0,6
old97,gemma_previous_summary,arxiv-10040,generated,14,0.14761684405367886,10,6
old97,qwen_ku1000,arxiv-100022,generated,10,0.09559372666168783,0,11
old97,qwen_ku500,arxiv-100022,generated,12,0.0824634655532359,0,11
old97,gemma_previous_summary,arxiv-100022,generated,13,0.1331168831168831,9,12
old97,qwen_ku1000,arxiv-100005,generated,9,0.0781831720029784,0,19
old97,qwen_ku500,arxiv-100005,generated,9,0.09205020920502092,0,19
old97,gemma_previous_summary,arxiv-100005,generated,9,0.06107341147439852,5,19
old97,qwen_ku1000,arxiv-100002,generated,14,0.14223002633889376,0,14
old97,qwen_ku500,arxiv-100002,generated,14,0.08101629913710451,0,14
old97,gemma_previous_summary,arxiv-100002,generated,10,0.05099337748344371,7,14
old97,qwen_ku1000,arxiv-100013,generated,8,0.0774869109947644,0,6
old97,qwen_ku500,arxiv-100013,generated,11,0.1168736303871439,0,6
old97,gemma_previous_summary,arxiv-100013,generated,20,0.19518190757128812,5,11
old97,qwen_ku1000,arxiv-100003,generated,9,0.0361247947454844,0,11
old97,qwen_ku500,arxiv-100003,generated,9,0.05937234944868533,0,11
old97,gemma_previous_summary,arxiv-100003,generated,15,0.06917293233082707,10,11
old97,qwen_ku1000,arxiv-100028,generated,10,0.18736141906873613,0,5
old97,qwen_ku500,arxiv-100028,generated,13,0.14337349397590363,0,5
old97,gemma_previous_summary,arxiv-100028,generated,18,0.18403990024937655,6,13
old97,qwen_ku1000,arxiv-100047,generated,14,0.14243759177679882,0,14
old97,qwen_ku500,arxiv-100047,generated,14,0.16890380313199105,0,14
old97,gemma_previous_summary,arxiv-100047,generated,17,0.1360759493670886,8,14
old97,qwen_ku1000,arxiv-100029,generated,9,0.08785175017158545,0,5
old97,qwen_ku500,arxiv-100029,generated,13,0.09148665819567979,0,5
old97,gemma_previous_summary,arxiv-100029,generated,16,0.23222748815165878,5,12
old97,qwen_ku1000,arxiv-100009,generated,16,0.17551234892275355,0,12
old97,qwen_ku500,arxiv-100009,generated,14,0.1812590448625181,0,12
old97,gemma_previous_summary,arxiv-100009,generated,20,0.3030674846625767,7,12
old97,qwen_ku1000,arxiv-100036,generated,13,0.08061749571183534,0,10
old97,qwen_ku500,arxiv-100036,generated,8,0.029088913282107574,0,10
old97,gemma_previous_summary,arxiv-100036,generated,13,0.09048257372654156,6,13
old97,qwen_ku1000,arxiv-500031,generated,8,0.08166969147005444,0,6
old97,qwen_ku500,arxiv-500031,generated,11,0.07177033492822966,0,6
old97,gemma_previous_summary,arxiv-500031,generated,17,0.10454115421002838,10,6
old97,qwen_ku1000,arxiv-500027,generated,10,0.04930966469428008,0,7
old97,qwen_ku500,arxiv-500027,generated,13,0.08605135322692574,0,7
old97,gemma_previous_summary,arxiv-500027,generated,14,0.09338786639400136,4,11
old97,qwen_ku1000,arxiv-500010,generated,12,0.11035818005808325,0,8
old97,qwen_ku500,arxiv-500010,generated,12,0.0842511013215859,0,8
old97,gemma_previous_summary,arxiv-500010,generated,21,0.17699115044247787,11,8
old97,qwen_ku1000,arxiv-500028,generated,10,0.042212518195050945,0,12
old97,qwen_ku500,arxiv-500028,generated,12,0.08357956943858168,0,12
old97,gemma_previous_summary,arxiv-500028,generated,23,0.1254390366281987,6,12
old97,qwen_ku1000,arxiv-500009,generated,18,0.12087912087912088,0,11
old97,qwen_ku500,arxiv-500009,generated,26,0.17987660180351212,0,11
old97,gemma_previous_summary,arxiv-500009,generated,16,0.13317043372021992,5,11
old97,qwen_ku1000,arxiv-500000,generated,13,0.06540795684423466,0,9
old97,qwen_ku500,arxiv-500000,generated,15,0.051011029411764705,0,9
old97,gemma_previous_summary,arxiv-500000,generated,15,0.12340619307832422,9,9
old97,qwen_ku1000,arxiv-500043,generated,11,0.06538796861377506,0,4
old97,qwen_ku500,arxiv-500043,generated,11,0.09700815956482321,0,4
old97,gemma_previous_summary,arxiv-500043,generated,15,0.1295754026354319,6,10
old97,qwen_ku1000,arxiv-500047,generated,10,0.09937402190923318,0,9
old97,qwen_ku500,arxiv-500047,generated,13,0.11648351648351649,0,9
old97,gemma_previous_summary,arxiv-500047,generated,19,0.0600627521290901,6,9
old97,qwen_ku1000,arxiv-500036,generated,9,0.051831375259156875,0,9
old97,qwen_ku500,arxiv-500036,generated,10,0.03333333333333333,0,9
old97,gemma_previous_summary,arxiv-500036,generated,9,0.04640633842671194,6,9
old97,qwen_ku1000,arxiv-500030,generated,13,0.08766233766233766,0,7
old97,qwen_ku500,arxiv-500030,generated,13,0.09536784741144415,0,7
old97,gemma_previous_summary,arxiv-500030,generated,17,0.1273100616016427,4,7
old97,qwen_ku1000,arxiv-1000004,generated,13,0.12416107382550336,0,12
old97,qwen_ku500,arxiv-1000004,generated,10,0.07846039970392302,0,12
old97,gemma_previous_summary,arxiv-1000004,generated,32,0.22864889290555807,9,12
old97,qwen_ku1000,arxiv-1000037,generated,18,0.09331084879145587,0,9
old97,qwen_ku500,arxiv-1000037,generated,18,0.13988212180746562,0,9
old97,gemma_previous_summary,arxiv-1000037,generated,23,0.2576396206533193,8,9
old97,qwen_ku1000,arxiv-1000013,generated,15,0.11729957805907174,0,7
old97,qwen_ku500,arxiv-1000013,generated,10,0.11000944287063268,0,7
old97,gemma_previous_summary,arxiv-1000013,generated,13,0.1537313432835821,5,7
old97,qwen_ku1000,arxiv-1000041,generated,9,0.08118556701030928,0,7
old97,qwen_ku500,arxiv-1000041,generated,10,0.12258064516129032,0,7
old97,gemma_previous_summary,arxiv-1000041,generated,13,0.18485237483953787,3,7
old97,qwen_ku1000,arxiv-1000016,generated,10,0.0720164609053498,0,6
old97,qwen_ku500,arxiv-1000016,generated,9,0.04002354326074161,0,6
old97,gemma_previous_summary,arxiv-1000016,generated,13,0.13099808061420345,6,6
old97,qwen_ku1000,arxiv-1000035,generated,9,0.076158940397351,0,4
old97,qwen_ku500,arxiv-1000035,generated,11,0.08748674443266172,0,4
old97,gemma_previous_summary,arxiv-1000035,generated,15,0.20599250936329588,6,4
old97,qwen_ku1000,arxiv-1000024,generated,15,0.12536231884057972,0,11
old97,qwen_ku500,arxiv-1000024,generated,15,0.11904761904761904,0,11
old97,gemma_previous_summary,arxiv-1000024,generated,18,0.1360332294911734,6,11
old97,qwen_ku1000,arxiv-1000038,generated,10,0.09815950920245399,0,10
old97,qwen_ku500,arxiv-1000038,generated,10,0.07262569832402235,0,10
old97,gemma_previous_summary,arxiv-1000038,generated,13,0.08096013018714401,6,10
old97,qwen_ku1000,arxiv-1000040,generated,12,0.07973856209150326,0,9
old97,qwen_ku500,arxiv-1000040,generated,12,0.13327882256745707,0,9
old97,gemma_previous_summary,arxiv-1000040,generated,13,0.11940298507462686,6,9
old97,qwen_ku1000,arxiv-1000021,generated,15,0.09933774834437085,0,7
old97,qwen_ku500,arxiv-1000021,generated,15,0.10499001996007984,0,7
old97,gemma_previous_summary,arxiv-1000021,generated,20,0.15467625899280577,5,7
old97,qwen_ku1000,bethgelab-125,generated,10,0.06774394033561218,0,17
old97,qwen_ku500,bethgelab-125,generated,15,0.1007140172867343,0,17
old97,gemma_previous_summary,bethgelab-125,generated,9,0.09365889212827988,4,8
old97,qwen_ku1000,bethgelab-102,generated,9,0.09259259259259259,0,8
old97,qwen_ku500,bethgelab-102,generated,11,0.15585331452750353,0,8
old97,gemma_previous_summary,bethgelab-102,generated,10,0.09200209095661264,7,11
old97,qwen_ku1000,bethgelab-108,generated,7,0.036996735582154515,0,11
old97,qwen_ku500,bethgelab-108,generated,7,0.031292517006802724,0,11
old97,gemma_previous_summary,bethgelab-108,generated,15,0.10798362333674513,5,11
old97,qwen_ku1000,bethgelab-116,generated,9,0.10437109723461195,0,13
old97,qwen_ku500,bethgelab-116,generated,11,0.09586056644880174,0,13
old97,gemma_previous_summary,bethgelab-116,generated,18,0.2075368651010377,6,13
old97,qwen_ku1000,bethgelab-128,generated,12,0.12402597402597403,0,11
old97,qwen_ku500,bethgelab-128,generated,15,0.0603310197544047,0,11
old97,gemma_previous_summary,bethgelab-128,generated,24,0.19104609929078015,5,11
old97,qwen_ku1000,bethgelab-146,generated,14,0.0873850197109067,0,12
old97,qwen_ku500,bethgelab-146,generated,11,0.059546676911256244,0,12
old97,gemma_previous_summary,bethgelab-146,generated,15,0.12180320762895536,15,21
old97,qwen_ku1000,bethgelab-112,generated,9,0.05420991926182238,0,13
old97,qwen_ku500,bethgelab-112,generated,11,0.08907870652837095,0,13
old97,gemma_previous_summary,bethgelab-112,generated,10,0.1111111111111111,5,28
old97,qwen_ku1000,bethgelab-142,generated,8,0.06501095690284879,0,10
old97,qwen_ku500,bethgelab-142,generated,14,0.08312838170191834,0,10
old97,gemma_previous_summary,bethgelab-142,generated,20,0.095260663507109,6,15
old97,qwen_ku1000,bethgelab-122,generated,8,0.04848046309696093,0,11
old97,qwen_ku500,bethgelab-122,generated,12,0.0647419072615923,0,11
old97,gemma_previous_summary,bethgelab-122,generated,23,0.11464723926380369,7,25
old97,qwen_ku1000,bethgelab-105,generated,10,0.07667386609071274,0,15
old97,qwen_ku500,bethgelab-105,generated,9,0.06062539885130823,0,15
old97,gemma_previous_summary,bethgelab-105,generated,13,0.08630527817403709,11,15
old97,qwen_ku1000,bethgelab-10033,generated,8,0.07201309328968904,0,18
old97,qwen_ku500,bethgelab-10033,generated,8,0.04234527687296417,0,18
old97,gemma_previous_summary,bethgelab-10033,generated,13,0.11383928571428571,5,18
old97,qwen_ku1000,bethgelab-10019,generated,7,0.08058608058608059,0,20
old97,qwen_ku500,bethgelab-10019,generated,7,0.04328621908127209,0,20
old97,gemma_previous_summary,bethgelab-10019,generated,17,0.13035921205098494,5,20
old97,qwen_ku1000,bethgelab-10028,generated,12,0.037064492216456635,0,19
old97,qwen_ku500,bethgelab-10028,generated,12,0.062385321100917435,0,19
old97,gemma_previous_summary,bethgelab-10028,generated,13,0.056070826306914,11,19
old97,qwen_ku1000,bethgelab-10021,generated,24,0.21074727120067172,0,24
old97,qwen_ku500,bethgelab-10021,generated,12,0.1238390092879257,0,24
old97,gemma_previous_summary,bethgelab-10021,generated,13,0.13106796116504854,6,24
old97,qwen_ku1000,bethgelab-10004,generated,10,0.12438625204582651,0,8
old97,qwen_ku500,bethgelab-10004,generated,13,0.1420261754726127,0,8
old97,gemma_previous_summary,bethgelab-10004,generated,20,0.11182108626198083,5,16
old97,qwen_ku1000,bethgelab-10047,generated,8,0.10362694300518134,0,12
old97,qwen_ku500,bethgelab-10047,generated,8,0.056558363417569195,0,12
old97,gemma_previous_summary,bethgelab-10047,generated,14,0.1406025824964132,7,12
old97,qwen_ku1000,bethgelab-10013,generated,10,0.13022700119474312,0,7
old97,qwen_ku500,bethgelab-10013,generated,14,0.10311750599520383,0,7
old97,gemma_previous_summary,bethgelab-10013,generated,16,0.1266607617360496,6,47
old97,qwen_ku1000,bethgelab-10038,generated,13,0.1513872135102533,0,10
old97,qwen_ku500,bethgelab-10038,generated,14,0.1952750092284976,0,10
old97,gemma_previous_summary,bethgelab-10038,generated,19,0.2967445742904841,6,10
old97,qwen_ku1000,bethgelab-10000,generated,11,0.045454545454545456,0,12
old97,qwen_ku500,bethgelab-10000,generated,11,0.054038004750593824,0,12
old97,gemma_previous_summary,bethgelab-10000,generated,16,0.1734982332155477,6,12
old97,qwen_ku1000,bethgelab-10003,generated,11,0.10443349753694581,0,14
old97,qwen_ku500,bethgelab-10003,generated,14,0.12485746864310149,0,14
old97,gemma_previous_summary,bethgelab-10003,generated,20,0.195697796432319,5,14
old97,qwen_ku1000,bethgelab-50039,generated,13,0.09267376330619913,0,13
old97,qwen_ku500,bethgelab-50039,generated,13,0.11356209150326797,0,13
old97,gemma_previous_summary,bethgelab-50039,generated,19,0.215929203539823,6,16
old97,qwen_ku1000,bethgelab-50043,generated,9,0.08097928436911488,0,12
old97,qwen_ku500,bethgelab-50043,generated,15,0.1561216105176664,0,12
old97,gemma_previous_summary,bethgelab-50043,generated,25,0.1883219358232509,6,12
old97,qwen_ku1000,bethgelab-50033,generated,9,0.10491803278688525,0,15
old97,qwen_ku500,bethgelab-50033,generated,11,0.11875367430922987,0,15
old97,gemma_previous_summary,bethgelab-50033,generated,13,0.18345323741007194,6,15
old97,qwen_ku1000,bethgelab-50037,generated,11,0.027852650494159928,0,6
old97,qwen_ku500,bethgelab-50037,generated,10,0.06262729124236252,0,6
old97,gemma_previous_summary,bethgelab-50037,generated,18,0.12089481199428843,5,6
old97,qwen_ku1000,bethgelab-50047,generated,13,0.1902587519025875,0,17
old97,qwen_ku500,bethgelab-50047,generated,17,0.14492753623188406,0,17
old97,gemma_previous_summary,bethgelab-50047,generated,16,0.15436565364206464,8,17
old97,qwen_ku1000,bethgelab-50013,generated,20,0.12658227848101267,0,9
old97,qwen_ku500,bethgelab-50013,generated,15,0.11139401654996817,0,9
old97,gemma_previous_summary,bethgelab-50013,generated,17,0.1175115207373272,6,9
old97,qwen_ku1000,bethgelab-50009,generated,13,0.10079413561392792,0,16
old97,qwen_ku500,bethgelab-50009,generated,13,0.11775445002282063,0,16
old97,gemma_previous_summary,bethgelab-50009,generated,22,0.20433751270755676,7,16
old97,qwen_ku1000,bethgelab-50015,generated,9,0.11081081081081082,0,14
old97,qwen_ku500,bethgelab-50015,generated,10,0.13352272727272727,0,14
old97,gemma_previous_summary,bethgelab-50015,generated,24,0.22087132725430597,4,14
old97,qwen_ku1000,bethgelab-50024,generated,11,0.09603072983354674,0,15
old97,qwen_ku500,bethgelab-50024,generated,11,0.10352233676975946,0,15
old97,gemma_previous_summary,bethgelab-50024,generated,14,0.15411106328024107,5,15
old97,qwen_ku1000,bethgelab-50028,generated,8,0.07142857142857142,0,12
old97,qwen_ku500,bethgelab-50028,generated,10,0.06192959582790091,0,12
old97,gemma_previous_summary,bethgelab-50028,generated,13,0.1390154968094804,9,12
old97,qwen_ku1000,bethgelab-100037,generated,10,0.08142493638676845,0,29
old97,qwen_ku500,bethgelab-100037,generated,29,0.15801561782269177,0,29
old97,gemma_previous_summary,bethgelab-100037,generated,19,0.12646484375,6,29
old97,qwen_ku1000,bethgelab-100048,generated,12,0.09415262636273539,0,13
old97,qwen_ku500,bethgelab-100048,generated,12,0.07306889352818371,0,13
old97,gemma_previous_summary,bethgelab-100048,generated,12,0.07673267326732673,11,18
old97,qwen_ku1000,bethgelab-100002,generated,10,0.08900999091734786,0,11
old97,qwen_ku500,bethgelab-100002,generated,10,0.12085106382978723,0,11
old97,gemma_previous_summary,bethgelab-100002,generated,16,0.21544209215442092,5,11
old97,qwen_ku1000,bethgelab-100001,generated,9,0.053910402429764616,0,18
old97,qwen_ku500,bethgelab-100001,generated,12,0.12067260138476756,0,18
old97,gemma_previous_summary,bethgelab-100001,generated,17,0.17803660565723795,5,18
old97,qwen_ku1000,bethgelab-100003,generated,13,0.1306277742549144,0,18
old97,qwen_ku500,bethgelab-100003,generated,14,0.19406392694063926,0,18
old97,gemma_previous_summary,bethgelab-100003,generated,16,0.15687276443536025,3,18
old97,qwen_ku1000,bethgelab-100040,generated,10,0.07624309392265194,0,10
old97,qwen_ku500,bethgelab-100040,generated,12,0.10178817056396149,0,10
old97,gemma_previous_summary,bethgelab-100040,generated,20,0.17297297297297298,6,38
old97,qwen_ku1000,bethgelab-100027,generated,14,0.11748998664886515,0,14
old97,qwen_ku500,bethgelab-100027,generated,9,0.0690978886756238,0,14
old97,gemma_previous_summary,bethgelab-100027,generated,14,0.1211671612265084,6,24
old97,qwen_ku1000,bethgelab-100026,generated,15,0.09799291617473435,0,15
old97,qwen_ku500,bethgelab-100026,generated,21,0.0423728813559322,0,15
old97,gemma_previous_summary,bethgelab-100026,generated,13,0.11745334796926454,6,15
old97,qwen_ku1000,bethgelab-100015,generated,11,0.09888357256778309,0,14
old97,qwen_ku500,bethgelab-100015,generated,11,0.06634382566585957,0,14
old97,gemma_previous_summary,bethgelab-100015,generated,17,0.17451403887688985,9,14
old97,qwen_ku1000,bethgelab-200048,generated,18,0.24683162341581172,0,25
old97,qwen_ku500,bethgelab-200048,generated,11,0.11587205793602896,0,25
old97,gemma_previous_summary,bethgelab-200048,generated,16,0.15394853593611357,12,18
old97,qwen_ku1000,bethgelab-200024,generated,14,0.08288770053475936,0,13
old97,qwen_ku500,bethgelab-200024,generated,18,0.11891515994436717,0,13
old97,gemma_previous_summary,bethgelab-200024,generated,14,0.12668743509865005,11,45
old97,qwen_ku1000,bethgelab-200047,generated,13,0.09948542024013722,0,13
old97,qwen_ku500,bethgelab-200047,generated,13,0.0863157894736842,0,13
old97,gemma_previous_summary,bethgelab-200047,generated,17,0.237788513150832,5,13
old97,qwen_ku1000,bethgelab-200042,generated,17,0.19148936170212766,0,17
old97,qwen_ku500,bethgelab-200042,generated,14,0.08423913043478261,0,17
old97,gemma_previous_summary,bethgelab-200042,generated,18,0.22018348623853212,5,17
old97,qwen_ku1000,bethgelab-200004,generated,6,0.09171974522292993,0,8
old97,qwen_ku500,bethgelab-200004,generated,10,0.09389671361502347,0,8
old97,gemma_previous_summary,bethgelab-200004,generated,16,0.12616566099835436,4,22
old97,qwen_ku1000,bethgelab-200021,generated,11,0.09124767225325885,0,14
old97,qwen_ku500,bethgelab-200021,generated,11,0.12737726669615215,0,14
old97,gemma_previous_summary,bethgelab-200021,generated,20,0.2947976878612717,5,14
old97,qwen_ku1000,bethgelab-200016,generated,11,0.13112033195020747,0,15
old97,qwen_ku500,bethgelab-200016,generated,11,0.12150537634408602,0,15
old97,gemma_previous_summary,bethgelab-200016,generated,27,0.2909356725146199,5,15
old97,qwen_ku1000,bethgelab-200019,generated,18,0.0636998254799302,0,19
old97,qwen_ku500,bethgelab-200019,generated,18,0.06862231534834992,0,19
old97,gemma_previous_summary,bethgelab-200019,generated,16,0.12627169359664872,8,19
