"document_id"	"title"	"paper_id"	"doi"
"arxiv-121"	"Multi-spectral Observations of Lunar Occultations: I. Resolving The Dust   Shell Around AFGL 5440"	"0704.0256"	"10.1086/518588"
"arxiv-126"	"Gluon Radiation of an Expanding Color Skyrmion in the Quark-Gluon Plasma"	"0704.0264"	""
"arxiv-107"	"Are There Mach Cones in Heavy Ion Collisions? Three-Particle   Correlations from STAR"	"0704.0224"	"10.1142/S0218301307007374"
"arxiv-102"	"A schematic model of scattering in PT-symmetric Quantum Mechanics"	"0704.0214"	""
"arxiv-136"	"QED x QCD Resummation and Shower/ME Matching for LHC Physics"	"0704.0294"	""
"arxiv-149"	"On generalized entropy measures and pathways"	"0704.0326"	"10.1016/j.physa.2007.06.047"
"arxiv-105"	"The Return of a Static Universe and the End of Cosmology"	"0704.0221"	"10.1007/s10714-007-0472-9 10.1142/S0218271808012449"
"arxiv-115"	"Fermi-liquid effects in the transresistivity in quantum Hall double   layers near $\nu= 1/2 $"	"0704.0246"	"10.1134/1.1777636"
"arxiv-109"	"Einstein vs Maxwell: Is gravitation a curvature of space, a field in   flat space, or both?"	"0704.0228"	"10.1209/0295-5075/78/10010"
"arxiv-140"	"Differential Recursion and Differentially Algebraic Functions"	"0704.0301"	"10.1145/1507244.1507252"
"arxiv-10033"	"Enhanced sensitivity to variation of $m_{e}/m_{p}$ in molecular spectra"	"0709.0963"	"10.1103/PhysRevLett.100.043202"
"arxiv-10019"	"Estimating the size of the solution space of metabolic networks"	"0709.0922"	""
"arxiv-10021"	"Unification of the phonon mode behaviour in semiconductor alloys: Theory   and ab initio calculations"	"0709.0930"	"10.1103/PhysRevB.77.125208"
"arxiv-10024"	"Coherent network analysis for triggered gravitational wave burst   searches"	"0709.0940"	"10.1088/0264-9381/24/19/S30"
"arxiv-10047"	"Inertial Screening in Sedimentation"	"0709.0995"	""
"arxiv-10038"	"Green-Schwarz, Nambu-Goto Actions, and Cayley's Hyperdeterminant"	"0709.0973"	"10.1016/j.physletb.2007.06.063"
"arxiv-10037"	"Characteristics of EGRET Blazars in the VLBA Imaging and Polarimetry   Survey (VIPS)"	"0709.0968"	"10.1086/523264"
"arxiv-10035"	"Can giant planets form by gravitational fragmentation of discs?"	"0709.0966"	"10.1051/0004-6361:20078628"
"arxiv-10023"	"New Curved Spacetime Dirac Equations - On the Anomalous Gyromagnetic   Ratio"	"0709.0936"	"10.1007/s10701-008-9226-0"
"arxiv-10040"	"Frustration-driven successive metamagnetic transitions in TbB4"	"0709.0977"	""
"arxiv-100022"	"Mapping of functionalized regions on carbon nanotubes by scanning   tunneling microscopy"	"1009.1290"	"10.1021/jp108908s"
"arxiv-100005"	"The Cauchy problem for a class of two-dimensional nonlocal nonlinear   wave equations governing anti-plane shear motions in elastic materials"	"1009.1266"	"10.1088/0951-7715/24/4/017"
"arxiv-100002"	"Blow-up and global existence for a general class of nonlocal nonlinear   coupled wave equations"	"1009.1263"	"10.1016/j.jde.2010.09.002"
"arxiv-100013"	"Search for High-Energy Gamma-ray Emission from an Anomalous X-ray   Pulsar, 4U 0142+61"	"1009.1279"	"10.1088/0004-637X/723/1/100"
"arxiv-100003"	"Can we predict the failure point of a loaded composite material?"	"1009.1264"	"10.1016/j.cpc.2011.01.019"
"arxiv-100028"	"Critical Correlations for Short-Range Valence-Bond Wave Functions on the   Square Lattice"	"1009.1307"	"10.1103/PhysRevB.82.180408"
"arxiv-100047"	"A quantitative measure for the organization of a system, Part 1: A   simple case"	"1009.1346"	""
"arxiv-100029"	"Statistical Mechanics of Two-dimensional Foams"	"1009.1309"	"10.1209/0295-5075/90/60002"
"arxiv-100009"	"Powers of ideals and the cohomology of stalks and fibers of morphisms"	"1009.1271"	""
"arxiv-100036"	"An Investigation of the $K_{F}$-type Lorentz-Symmetry Breaking Gauge   Models in $N=1$-Supersymmetric Scenario"	"1009.1326"	"10.1103/PhysRevD.86.125037"
"arxiv-500031"	"B-Mode auto-bispectrum due to matter bounce"	"1901.06538"	"10.1088/1475-7516/2019/10/026"
"arxiv-500027"	"Comparative Performance Analysis of Image De-noising Techniques"	"1901.06529"	"10.15242/IIE.E1213576"
"arxiv-500010"	"Real-Time Ramsey Interferometry in Fractional Quantum Hall States"	"1901.06489"	"10.1103/PhysRevB.99.161109"
"arxiv-500028"	"An algorithm for stress and mixed control in Galerkin based FFT   homogenization"	"1901.06531"	"10.1002/nme.6069"
"arxiv-500009"	"Nonlinearity in the Dark: Broadband Terahertz Generation with Extremely   High Efficiency"	"1901.06488"	"10.1103/PhysRevLett.122.027401"
"arxiv-500000"	"Reduced residence time of droplet impact on heated surfaces"	"1901.06471"	""
"arxiv-500043"	"Maximal abelian extension of $X_0(p)$ unramified outside cusps"	"1901.06564"	""
"arxiv-500047"	"Design of Real-time Semantic Segmentation Decoder for Automated Driving"	"1901.06580"	""
"arxiv-500036"	"Lusin characterisation of Hardy spaces associated with Hermite operators"	"1901.06550"	""
"arxiv-500030"	"Deep-Learning-based Millimeter-Wave Massive MIMO for Hybrid Precoding"	"1901.06537"	"10.1109/TVT.2019.2893928"
"arxiv-1000004"	"BanStereoSet: A Dataset to Measure Stereotypical Social Biases in LLMs for Bangla"	"2409.11638"	""
"arxiv-1000037"	"Systems of Hecke eigenvalues on subschemes of Shimura varieties"	"2409.11720"	""
"arxiv-1000013"	"Anomalous Hall effect from nonlinear magnetoelectric coupling"	"2409.11662"	"10.1103/wpj1-cydc"
"arxiv-1000041"	"Enabling Real-Time Conversations with Minimal Training Costs"	"2409.11727"	""
"arxiv-1000016"	"Spontaneous scalarization of Bardeen black holes"	"2409.11669"	""
"arxiv-1000035"	"Three-dimensional topological valley photonics"	"2409.11715"	""
"arxiv-1000024"	"From Words to Wheels: Automated Style-Customized Policy Generation for   Autonomous Driving"	"2409.11694"	""
"arxiv-1000038"	"Spectro-temporal study of atoll source GX 9+9 observed with AstroSat"	"2409.11721"	""
"arxiv-1000040"	"Dense-TSNet: Dense Connected Two-Stage Structure for Ultra-Lightweight   Speech Enhancement"	"2409.11725"	""
"arxiv-1000021"	"Recurrent Interpolants for Probabilistic Time Series Prediction"	"2409.11684"	""
"bethgelab-125"	"The properties of highly concentrated aqueous CH 3 COOK/Na binary electrolyte and its use in sodium-ion batteries"	"/mnt/sda/bethgelab_paper_parsed_jsons/Chemarxiv.zip!Chemarxiv/chem1/10.26434_chemrxiv-2021-1jxxp.json"	""
"bethgelab-102"	"Freeze-Float System for High-throughput Measurement of Ice Nucleation"	"/mnt/sda/bethgelab_paper_parsed_jsons/Chemarxiv.zip!Chemarxiv/chem1/10.26434_chemrxiv-2021-19l62.json"	""
"bethgelab-108"	"Dimeric cyclobutane formation under continuous flow conditions using organophotoredox catalysed [2+2]-cycloaddition"	"/mnt/sda/bethgelab_paper_parsed_jsons/Chemarxiv.zip!Chemarxiv/chem1/10.26434_chemrxiv-2021-1c8zv.json"	""
"bethgelab-116"	"A New Organocatalytic Desymmetrization Reaction Enables the Enantioselective Total Synthesis of Madangamine E"	"/mnt/sda/bethgelab_paper_parsed_jsons/Chemarxiv.zip!Chemarxiv/chem1/10.26434_chemrxiv-2021-1f3kt.json"	""
"bethgelab-128"	"Tuning the Dielectric Response in a NC Material through Nanoparticle Morphology"	"/mnt/sda/bethgelab_paper_parsed_jsons/Chemarxiv.zip!Chemarxiv/chem1/10.26434_chemrxiv-2021-1kgg7.json"	""
"bethgelab-146"	"Low density interior in supercooled aqueous nanodroplets expels ions to the subsurface"	"/mnt/sda/bethgelab_paper_parsed_jsons/Chemarxiv.zip!Chemarxiv/chem1/10.26434_chemrxiv-2021-1sx22-v3.json"	""
"bethgelab-112"	"Learning design rules for selective oxidation catalysts from highthroughput experimentation and artificial intelligence"	"/mnt/sda/bethgelab_paper_parsed_jsons/Chemarxiv.zip!Chemarxiv/chem1/10.26434_chemrxiv-2021-1dl28.json"	""
"bethgelab-142"	"Mechanochemical synthesis of eco-friendly fertilizer from eggshell (calcite) and KH2PO4"	"/mnt/sda/bethgelab_paper_parsed_jsons/Chemarxiv.zip!Chemarxiv/chem1/10.26434_chemrxiv-2021-1qw19.json"	""
"bethgelab-122"	"Environmentally friendly and roll-processed flexible organic solar cells based on PM6:Y6"	"/mnt/sda/bethgelab_paper_parsed_jsons/Chemarxiv.zip!Chemarxiv/chem1/10.26434_chemrxiv-2021-1j0cd-v3.json"	""
"bethgelab-105"	"Stable open-shell aromatic nitric acid radicals: accessing highly efficient photothermal conversion with restricted radiative decay"	"/mnt/sda/bethgelab_paper_parsed_jsons/Chemarxiv.zip!Chemarxiv/chem1/10.26434_chemrxiv-2021-1bkkg.json"	""
"bethgelab-10033"	"Metal-Free Photocatalysis at Charged Aqueous Interface: Boosting the Photocatalytic Oxidative Coupling of Arylamines to Azoaromatics under Ambient Conditions †"	"/mnt/sda/bethgelab_paper_parsed_jsons/Chemarxiv.zip!Chemarxiv/chem3/10.26434_chemrxiv-2023-h0k1s.json"	""
"bethgelab-10019"	"Spontaneous crystal fluctuation in hydrocarbon polymer-coated monolayer MoS 2 , MoSe 2 , WS 2 , and WSe 2 with strong photoluminescence enhancement"	"/mnt/sda/bethgelab_paper_parsed_jsons/Chemarxiv.zip!Chemarxiv/chem3/10.26434_chemrxiv-2023-gxzqw.json"	""
"bethgelab-10028"	"Atmospheric pressure continuous flow methane oxidation to methanol and acetic acid using H 2 O 2 over Au-Fe catalyst"	"/mnt/sda/bethgelab_paper_parsed_jsons/Chemarxiv.zip!Chemarxiv/chem3/10.26434_chemrxiv-2023-h00ht.json"	""
"bethgelab-10021"	"A Workflow for Identifying Viable Crystal Structures with Partially Occupied Sites Applied to Solid Electrolyte: Cubic Li 7 La 3 Zr 2 O 12"	"/mnt/sda/bethgelab_paper_parsed_jsons/Chemarxiv.zip!Chemarxiv/chem3/10.26434_chemrxiv-2023-gz4d0.json"	""
"bethgelab-10004"	"Self-assembling materials mimicking dynamic bio-interfaces in cellular activities"	"/mnt/sda/bethgelab_paper_parsed_jsons/Chemarxiv.zip!Chemarxiv/chem3/10.26434_chemrxiv-2023-gwsl5.json"	""
"bethgelab-10047"	"GUIDEMOL: a Python graphical user interface for molecular descriptors based on RDKit"	"/mnt/sda/bethgelab_paper_parsed_jsons/Chemarxiv.zip!Chemarxiv/chem3/10.26434_chemrxiv-2023-h1gqd.json"	""
"bethgelab-10013"	"A Single-domain Protein Catenane of Dihydrofolate Reductase"	"/mnt/sda/bethgelab_paper_parsed_jsons/Chemarxiv.zip!Chemarxiv/chem3/10.26434_chemrxiv-2023-gxjr8-v2.json"	""
"bethgelab-10038"	"Non-idealities in CO2 electroreduction mechanisms revealed by automation-assisted kinetic analysis"	"/mnt/sda/bethgelab_paper_parsed_jsons/Chemarxiv.zip!Chemarxiv/chem3/10.26434_chemrxiv-2023-h0zh1.json"	""
"bethgelab-10000"	"Visualization of π-hole in molecules by means of Kelvin probe force microscopy"	"/mnt/sda/bethgelab_paper_parsed_jsons/Chemarxiv.zip!Chemarxiv/chem3/10.26434_chemrxiv-2023-gw0xn.json"	""
"bethgelab-10003"	"Machine learning force field ranking of candidate solid electrolyte interphase structures in Li-ion batteries"	"/mnt/sda/bethgelab_paper_parsed_jsons/Chemarxiv.zip!Chemarxiv/chem3/10.26434_chemrxiv-2023-gwnl8.json"	""
"bethgelab-50039"	"Biological activity of Ajuga iva extracts against the African cotton leafworm Spodoptera littoralis"	"/mnt/sda/bethgelab_paper_parsed_jsons/bioarxiv.zip!bioarxiv/10.1101_2020.03.12.988428.json"	""
"bethgelab-50043"	"Sorry, we're open: Golden Open Access and inequality in the natural sciences"	"/mnt/sda/bethgelab_paper_parsed_jsons/bioarxiv.zip!bioarxiv/10.1101_2020.03.12.988493.json"	""
"bethgelab-50033"	"Highly sensitive and full-genome interrogation of SARS-CoV-2 using multiplexed PCR enrichment followed by next-generation sequencing"	"/mnt/sda/bethgelab_paper_parsed_jsons/bioarxiv.zip!bioarxiv/10.1101_2020.03.12.988246.json"	""
"bethgelab-50037"	"Translational accuracy of a tethered ribosome"	"/mnt/sda/bethgelab_paper_parsed_jsons/bioarxiv.zip!bioarxiv/10.1101_2020.03.12.988394.json"	""
"bethgelab-50047"	"Efficient and Flexible Integration of Variant Characteristics in Rare Variant Association Studies Using Integrated Nested Laplace Approximation"	"/mnt/sda/bethgelab_paper_parsed_jsons/bioarxiv.zip!bioarxiv/10.1101_2020.03.12.988584.json"	""
"bethgelab-50013"	"A Combined Evidence Approach to Prioritize Nipah Virus Inhibitors"	"/mnt/sda/bethgelab_paper_parsed_jsons/bioarxiv.zip!bioarxiv/10.1101_2020.03.12.977918.json"	""
"bethgelab-50009"	"3D Genome Analysis Identifies Enhancer Hijacking Mechanism for High-Risk Factors in Human T-Lineage Acute Lymphoblastic Leukemia"	"/mnt/sda/bethgelab_paper_parsed_jsons/bioarxiv.zip!bioarxiv/10.1101_2020.03.11.988279.json"	""
"bethgelab-50015"	"ProNetView-ccRCC: A web-based portal to interactively explore clear cell renal cell carcinoma proteogenomics networks"	"/mnt/sda/bethgelab_paper_parsed_jsons/bioarxiv.zip!bioarxiv/10.1101_2020.03.12.981357.json"	""
"bethgelab-50024"	"Spontaneous regression of micro-metastases following primary tumor excision: a critical role for primary tumor secretome"	"/mnt/sda/bethgelab_paper_parsed_jsons/bioarxiv.zip!bioarxiv/10.1101_2020.03.12.986992.json"	""
"bethgelab-50028"	"Activation of Macrophages by CpG DNA and LPS: an FTIR Spectroscopic Study"	"/mnt/sda/bethgelab_paper_parsed_jsons/bioarxiv.zip!bioarxiv/10.1101_2020.03.12.987354.json"	""
"bethgelab-100037"	"The Foster method: Rapid and non-invasive detection of clinically significant American Foulbrood disease levels using eDNA sampling and a dual-target qPCR assay, with its potential for other hive pathogens"	"/mnt/sda/bethgelab_paper_parsed_jsons/bioarxiv.zip!bioarxiv/10.1101_2021.06.18.449084.json"	""
"bethgelab-100048"	"SPOT-Contact-Single: Improving Single-Sequence-Based Prediction of Protein Contact Map using a Transformer Language Model"	"/mnt/sda/bethgelab_paper_parsed_jsons/bioarxiv.zip!bioarxiv/10.1101_2021.06.19.449089.json"	""
"bethgelab-100002"	"EcoEvoApps: Interactive Apps for Theoretical Models in Ecology and Evolutionary Biology"	"/mnt/sda/bethgelab_paper_parsed_jsons/bioarxiv.zip!bioarxiv/10.1101_2021.06.18.449026.json"	""
"bethgelab-100001"	"CCN2 activates ERK-signaling via integrin av and enhances the interaction of ERK and DUSP6 in lymphatic endothelial cells"	"/mnt/sda/bethgelab_paper_parsed_jsons/bioarxiv.zip!bioarxiv/10.1101_2021.06.18.449024.json"	""
"bethgelab-100003"	"Tumor PD-L1 selectively suppresses type I interferon in myeloid cells to suppress CTL recruitment to promote lung metastasis"	"/mnt/sda/bethgelab_paper_parsed_jsons/bioarxiv.zip!bioarxiv/10.1101_2021.06.18.449028.json"	""
"bethgelab-100040"	"Stem Cell Microarrays for Assessing Growth Factor Signaling in Engineered"	"/mnt/sda/bethgelab_paper_parsed_jsons/bioarxiv.zip!bioarxiv/10.1101_2021.06.19.448747.json"	""
"bethgelab-100027"	"Robust Brain State Decoding using Bidirectional Long Short Term Memory Networks in functional MRI"	"/mnt/sda/bethgelab_paper_parsed_jsons/bioarxiv.zip!bioarxiv/10.1101_2021.06.18.449069.json"	""
"bethgelab-100026"	"Phylogenetic study of thermophilic genera Anoxybacillus, Geobacillus, Parageobacillus, and proposal of a new classification Quasigeobacillus"	"/mnt/sda/bethgelab_paper_parsed_jsons/bioarxiv.zip!bioarxiv/10.1101_2021.06.18.449068.json"	""
"bethgelab-100015"	"The structural basis for regulation of the glutathione transporter Ycf1 by regulatory domain phosphorylation"	"/mnt/sda/bethgelab_paper_parsed_jsons/bioarxiv.zip!bioarxiv/10.1101_2021.06.18.449046.json"	""
"bethgelab-200048"	"Influence of plant growth regulators and nitrogen sources on the production and development of Brachiaria decumbens cv. Basilisk Hormonal treatment and fertilization to plant development"	"/mnt/sda/bethgelab_paper_parsed_jsons/bioarxiv.zip!bioarxiv/10.1101_329565.json"	""
"bethgelab-200024"	"Impact of Chronic Total Occlusion Lesion Length onSix-month Angiographic and 2-year Clinical Outcomes"	"/mnt/sda/bethgelab_paper_parsed_jsons/bioarxiv.zip!bioarxiv/10.1101_329268.json"	""
"bethgelab-200047"	"Synthesis, Biological Activity and Molecular Docking of New Tricyclic Series as αglucosidase Inhibitors"	"/mnt/sda/bethgelab_paper_parsed_jsons/bioarxiv.zip!bioarxiv/10.1101_329557.json"	""
"bethgelab-200042"	"Major concerns with the integrity of the mitochondrial ADP/ATP carrier in dodecyl-phosphocholine used for solution NMR studies"	"/mnt/sda/bethgelab_paper_parsed_jsons/bioarxiv.zip!bioarxiv/10.1101_329490.json"	""
"bethgelab-200004"	"Inhibitor of sarco/endoplasmic reticulum calcium-ATPase impairs paramyxovirus replication"	"/mnt/sda/bethgelab_paper_parsed_jsons/bioarxiv.zip!bioarxiv/10.1101_328997.json"	""
"bethgelab-200021"	"MicroRNA-196a is regulated by ER and is a prognostic biomarker in ER+ Breast Cancer"	"/mnt/sda/bethgelab_paper_parsed_jsons/bioarxiv.zip!bioarxiv/10.1101_329227.json"	""
"bethgelab-200016"	"Lack of negative density-dependence regulation in a dominant oak tree from a neotropical highland forest"	"/mnt/sda/bethgelab_paper_parsed_jsons/bioarxiv.zip!bioarxiv/10.1101_329177.json"	""
"bethgelab-200019"	"Toxicity of TiO2, SiO2, ZnO, CuO, Au and Ag engineered nanoparticles on hatching and early nauplii of Artemia sp"	"/mnt/sda/bethgelab_paper_parsed_jsons/bioarxiv.zip!bioarxiv/10.1101_329201.json"	""
