condition,model,correct,total,accuracy,ci95_low,ci95_high,invalid
no_context,No context,596,970,0.6144329896907217,0.5793814432989691,0.6494845360824743,4
original,Full paper text,942,970,0.9711340206185567,0.9597938144329897,0.9814432989690721,0
summary,Existing Gemini summary,838,970,0.8639175257731959,0.8391752577319588,0.8876288659793814,0
qwen38_reference,Qwen3.8-27B AutoRound mixed INT4 / repository repaired summary,870,970,0.8969072164948454,0.8752577319587629,0.9175257731958762,0
ornith_raw,Ornith-1.5-9B BF16 + DFlash / raw summary,910,970,0.9381443298969072,0.9185567010309278,0.9556701030927836,0
ornith_corrected,Ornith-1.5-9B BF16 + DFlash / corrected summary,904,970,0.931958762886598,0.9123711340206185,0.9494845360824742,0
qwen38_raw,Qwen3.8-27B official FP8 / raw summary,862,970,0.8886597938144329,0.8649484536082475,0.911340206185567,0
qwen38_corrected,Qwen3.8-27B official FP8 / corrected summary,871,970,0.8979381443298969,0.8762886597938144,0.9185567010309278,0
ornith35_raw,Ornith-1.5-35B-A3B BF16 + DFlash / raw summary,897,970,0.9247422680412372,0.9030927835051547,0.9443298969072165,0
ornith35_corrected,Ornith-1.5-35B-A3B BF16 + DFlash / corrected summary,899,970,0.9268041237113402,0.9061855670103093,0.945360824742268,0
