document_id,phase,review_failed,verdict,issues,missing_central_facts,factual_accuracy,coverage,clarity,faithfulness,scientific_precision
arxiv-1000004,raw,False,pass,0,0,5,5,5,5,5
arxiv-1000004,corrected,False,pass,0,0,5,5,5,5,5
arxiv-1000013,raw,False,pass,0,0,5,5,5,5,5
arxiv-1000013,corrected,False,pass,0,0,5,5,5,5,5
arxiv-1000016,raw,False,pass,0,0,5,5,5,5,5
arxiv-1000016,corrected,False,pass,0,0,5,5,5,5,5
arxiv-100002,raw,False,pass,0,0,5,5,5,5,5
arxiv-100002,corrected,False,pass,0,0,5,5,5,5,5
arxiv-1000021,raw,False,pass,0,0,5,5,5,5,5
arxiv-1000021,corrected,False,pass,0,0,5,5,5,5,5
arxiv-1000024,raw,False,pass,0,0,5,5,5,5,5
arxiv-1000024,corrected,False,pass,0,0,5,5,5,5,5
arxiv-100003,raw,False,pass,0,0,5,5,5,5,5
arxiv-100003,corrected,False,pass,0,0,5,5,5,5,5
arxiv-1000035,raw,False,pass,0,0,5,5,5,5,5
arxiv-1000035,corrected,False,pass,0,0,5,5,5,5,5
arxiv-1000037,raw,False,pass,0,0,5,5,5,5,5
arxiv-1000037,corrected,False,pass,0,0,5,5,5,5,5
arxiv-1000038,raw,False,pass,0,0,5,5,5,5,5
arxiv-1000038,corrected,False,pass,0,0,5,5,5,5,5
arxiv-1000040,raw,False,pass,0,0,5,5,5,5,5
arxiv-1000040,corrected,False,pass,0,0,5,5,5,5,5
arxiv-1000041,raw,False,pass,0,0,5,5,5,5,5
arxiv-1000041,corrected,False,pass,0,0,5,5,5,5,5
arxiv-100005,raw,False,pass,0,0,5,5,5,5,5
arxiv-100005,corrected,False,pass,0,0,5,5,5,5,5
arxiv-100009,raw,False,pass,0,0,5,5,5,5,5
arxiv-100009,corrected,False,pass,0,0,5,5,5,5,5
arxiv-100013,raw,False,pass,0,0,5,5,5,5,5
arxiv-100013,corrected,False,pass,0,0,5,5,5,5,5
arxiv-100022,raw,False,pass,0,0,5,5,5,5,5
arxiv-100022,corrected,False,pass,0,0,5,5,5,5,5
arxiv-100028,raw,False,pass,0,0,5,5,5,5,5
arxiv-100028,corrected,False,pass,0,0,5,5,5,5,5
arxiv-100029,raw,False,pass,0,0,5,5,5,5,5
arxiv-100029,corrected,False,pass,0,0,5,5,5,5,5
arxiv-100036,raw,False,pass,0,0,5,5,5,5,5
arxiv-100036,corrected,False,pass,0,0,5,5,5,5,5
arxiv-100047,raw,False,pass,0,0,5,5,5,5,5
arxiv-100047,corrected,False,pass,0,0,5,5,5,5,5
arxiv-10019,raw,False,pass,0,0,5,5,5,5,5
arxiv-10019,corrected,False,pass,0,0,5,5,5,5,5
arxiv-10021,raw,False,pass,0,0,5,5,5,5,5
arxiv-10021,corrected,False,pass,0,0,5,5,5,5,5
arxiv-10023,raw,False,pass,0,0,5,5,5,5,5
arxiv-10023,corrected,False,pass,0,0,5,5,5,5,5
arxiv-10024,raw,False,pass,0,0,5,5,5,5,5
arxiv-10024,corrected,False,pass,0,0,5,5,5,5,5
arxiv-10033,raw,False,pass,0,0,5,5,5,5,5
arxiv-10033,corrected,False,pass,0,0,5,5,5,5,5
arxiv-10035,raw,False,pass,0,0,5,5,5,5,5
arxiv-10035,corrected,False,pass,0,0,5,5,5,5,5
arxiv-10037,raw,False,pass,0,0,5,5,5,5,5
arxiv-10037,corrected,False,pass,0,0,5,5,5,5,5
arxiv-10038,raw,False,pass,0,0,5,5,5,5,5
arxiv-10038,corrected,False,pass,0,0,5,5,5,5,5
arxiv-10040,raw,False,pass,0,0,5,5,5,5,5
arxiv-10040,corrected,False,pass,0,0,5,5,5,5,5
arxiv-10047,raw,False,pass,0,0,5,5,5,5,5
arxiv-10047,corrected,False,pass,0,0,5,5,5,5,5
arxiv-102,raw,False,needs_correction,2,0,4,5,5,4,4
arxiv-102,corrected,False,pass,0,0,5,5,5,5,5
arxiv-105,raw,False,pass,0,0,5,5,5,5,5
arxiv-105,corrected,False,pass,0,0,5,5,5,5,5
arxiv-107,raw,False,pass,0,0,5,5,5,5,5
arxiv-107,corrected,False,pass,0,0,5,5,5,5,5
arxiv-109,raw,False,pass,0,0,5,5,5,5,5
arxiv-109,corrected,False,pass,0,0,5,5,5,5,5
arxiv-115,raw,False,pass,0,0,5,5,5,5,5
arxiv-115,corrected,False,pass,0,0,5,5,5,5,5
arxiv-121,raw,False,pass,0,0,5,5,5,5,5
arxiv-121,corrected,False,pass,0,0,5,5,5,5,5
arxiv-126,raw,False,pass,0,0,5,5,5,5,5
arxiv-126,corrected,False,pass,0,0,5,5,5,5,5
arxiv-136,raw,False,pass,0,0,5,5,5,5,5
arxiv-136,corrected,False,pass,0,0,5,5,5,5,5
arxiv-140,raw,False,pass,0,0,5,5,5,5,5
arxiv-140,corrected,False,pass,0,0,5,5,5,5,5
arxiv-149,raw,False,pass,0,0,5,5,5,5,5
arxiv-149,corrected,False,pass,0,0,5,5,5,5,5
arxiv-500000,raw,False,pass,0,0,5,5,5,5,5
arxiv-500000,corrected,False,pass,0,0,5,5,5,5,5
arxiv-500009,raw,False,pass,0,0,5,5,5,5,5
arxiv-500009,corrected,False,pass,0,0,5,5,5,5,5
arxiv-500010,raw,False,pass,0,0,5,5,5,5,5
arxiv-500010,corrected,False,pass,0,0,5,5,5,5,5
arxiv-500027,raw,False,pass,0,0,5,5,5,5,4
arxiv-500027,corrected,False,pass,0,0,5,5,5,5,4
arxiv-500028,raw,False,pass,0,0,5,5,5,5,5
arxiv-500028,corrected,False,pass,0,0,5,5,5,5,5
arxiv-500030,raw,False,pass,0,0,5,5,5,5,5
arxiv-500030,corrected,False,pass,0,0,5,5,5,5,5
arxiv-500031,raw,False,pass,0,0,5,5,5,5,5
arxiv-500031,corrected,False,pass,0,0,5,5,5,5,5
arxiv-500036,raw,False,pass,0,0,5,5,5,5,5
arxiv-500036,corrected,False,pass,0,0,5,5,5,5,5
arxiv-500043,raw,False,pass,0,0,5,5,5,5,5
arxiv-500043,corrected,False,pass,0,0,5,5,5,5,5
arxiv-500047,raw,False,pass,0,0,5,5,5,5,5
arxiv-500047,corrected,False,pass,0,0,5,5,5,5,5
bethgelab-10000,raw,True,unavailable,0,0,,,,,
bethgelab-10000,corrected,False,pass,0,0,5,5,5,5,5
bethgelab-100001,raw,False,pass,0,0,5,5,5,5,5
bethgelab-100001,corrected,False,pass,0,0,5,5,5,5,5
bethgelab-100002,raw,False,pass,0,0,5,5,5,5,5
bethgelab-100002,corrected,False,pass,0,0,5,5,5,5,5
bethgelab-100003,raw,False,pass,0,0,5,5,5,5,5
bethgelab-100003,corrected,False,pass,0,0,5,5,5,5,5
bethgelab-100015,raw,False,pass,0,0,5,5,5,5,5
bethgelab-100015,corrected,False,pass,0,0,5,5,5,5,5
bethgelab-100026,raw,False,pass,0,0,5,5,5,5,5
bethgelab-100026,corrected,False,pass,0,0,5,5,5,5,5
bethgelab-100027,raw,False,pass,0,0,5,5,5,5,5
bethgelab-100027,corrected,False,pass,0,0,5,5,5,5,5
bethgelab-10003,raw,False,pass,0,0,5,5,5,5,5
bethgelab-10003,corrected,False,pass,0,0,5,5,5,5,5
bethgelab-100037,raw,False,pass,0,0,5,5,5,5,5
bethgelab-100037,corrected,False,pass,0,0,5,5,5,5,5
bethgelab-10004,raw,True,unavailable,0,0,,,,,
bethgelab-10004,corrected,False,pass,0,0,5,5,5,5,5
bethgelab-100040,raw,False,pass,0,0,5,5,5,5,5
bethgelab-100040,corrected,False,pass,0,0,5,5,5,5,5
bethgelab-100048,raw,False,pass,0,0,5,5,5,5,5
bethgelab-100048,corrected,False,pass,0,0,5,5,5,5,5
bethgelab-10013,raw,False,pass,0,0,5,5,5,5,5
bethgelab-10013,corrected,False,pass,0,0,5,5,5,5,5
bethgelab-10019,raw,False,pass,0,0,5,5,5,5,5
bethgelab-10019,corrected,False,pass,0,0,5,5,5,5,5
bethgelab-10021,raw,False,pass,0,0,5,5,5,5,5
bethgelab-10021,corrected,False,pass,0,0,5,5,5,5,5
bethgelab-10028,raw,False,pass,0,0,5,5,5,5,5
bethgelab-10028,corrected,False,pass,0,0,5,5,5,5,5
bethgelab-10033,raw,False,pass,0,0,5,5,5,5,5
bethgelab-10033,corrected,False,pass,0,0,5,5,5,5,5
bethgelab-10038,raw,False,pass,0,0,5,5,5,5,5
bethgelab-10038,corrected,False,pass,0,0,5,5,5,5,5
bethgelab-10047,raw,False,pass,0,0,5,5,5,5,5
bethgelab-10047,corrected,False,pass,0,0,5,5,5,5,5
bethgelab-102,raw,False,pass,0,0,5,5,5,5,5
bethgelab-102,corrected,False,pass,0,0,5,5,5,5,5
bethgelab-105,raw,False,needs_correction,1,0,5,5,5,5,5
bethgelab-105,corrected,False,pass,0,0,5,5,5,5,5
bethgelab-108,raw,False,pass,0,0,5,5,5,5,5
bethgelab-108,corrected,False,pass,0,0,5,5,5,5,5
bethgelab-112,raw,False,pass,0,0,5,5,5,5,5
bethgelab-112,corrected,False,pass,0,0,5,5,5,5,5
bethgelab-116,raw,False,pass,0,0,5,5,5,5,5
bethgelab-116,corrected,False,pass,0,0,5,5,5,5,5
bethgelab-122,raw,False,pass,0,0,5,5,5,5,5
bethgelab-122,corrected,False,pass,0,0,5,5,5,5,5
bethgelab-125,raw,False,needs_correction,2,0,4,5,5,4,4
bethgelab-125,corrected,False,pass,0,0,5,5,5,5,5
bethgelab-128,raw,False,pass,0,0,5,5,5,5,5
bethgelab-128,corrected,False,pass,0,0,5,5,5,5,5
bethgelab-142,raw,False,pass,0,0,5,5,5,5,5
bethgelab-142,corrected,False,pass,0,0,5,5,5,5,5
bethgelab-146,raw,False,pass,0,0,5,5,5,5,5
bethgelab-146,corrected,False,pass,0,0,5,5,5,5,5
bethgelab-200004,raw,False,pass,0,0,5,5,5,5,5
bethgelab-200004,corrected,False,pass,0,0,5,5,5,5,5
bethgelab-200016,raw,False,pass,0,0,5,5,5,5,5
bethgelab-200016,corrected,False,pass,0,0,5,5,5,5,5
bethgelab-200019,raw,False,pass,0,0,5,5,5,5,5
bethgelab-200019,corrected,False,pass,0,0,5,5,5,5,5
bethgelab-200021,raw,False,pass,0,0,5,5,5,5,5
bethgelab-200021,corrected,False,pass,0,0,5,5,5,5,5
bethgelab-200024,raw,False,pass,0,0,5,5,5,5,5
bethgelab-200024,corrected,False,pass,0,0,5,5,5,5,5
bethgelab-200042,raw,False,pass,0,0,5,5,5,5,5
bethgelab-200042,corrected,False,pass,0,0,5,5,5,5,5
bethgelab-200047,raw,False,pass,0,0,5,5,5,5,5
bethgelab-200047,corrected,False,pass,0,0,5,5,5,5,5
bethgelab-200048,raw,False,pass,0,0,5,5,5,5,5
bethgelab-200048,corrected,False,pass,0,0,5,5,5,5,5
bethgelab-50009,raw,False,needs_correction,1,0,5,5,5,5,5
bethgelab-50009,corrected,False,pass,0,0,5,5,5,5,5
bethgelab-50013,raw,False,pass,0,0,5,5,5,5,5
bethgelab-50013,corrected,False,pass,0,0,5,5,5,5,5
bethgelab-50015,raw,False,pass,0,0,5,5,5,5,5
bethgelab-50015,corrected,False,pass,0,0,5,5,5,5,5
bethgelab-50024,raw,False,pass,0,0,5,5,5,5,5
bethgelab-50024,corrected,False,pass,0,0,5,5,5,5,5
bethgelab-50028,raw,False,pass,0,0,5,5,5,5,5
bethgelab-50028,corrected,False,pass,0,0,5,5,5,5,5
bethgelab-50033,raw,False,needs_correction,1,0,5,5,5,5,5
bethgelab-50033,corrected,False,pass,0,0,5,5,5,5,5
bethgelab-50037,raw,False,pass,0,0,5,5,5,5,5
bethgelab-50037,corrected,False,pass,0,0,5,5,5,5,5
bethgelab-50039,raw,False,pass,0,0,5,5,5,5,5
bethgelab-50039,corrected,False,pass,0,0,5,5,5,5,5
bethgelab-50043,raw,False,pass,0,0,5,5,5,5,5
bethgelab-50043,corrected,False,pass,0,0,5,5,5,5,5
bethgelab-50047,raw,False,pass,0,0,5,5,5,5,5
bethgelab-50047,corrected,False,pass,0,0,5,5,5,5,5
