condition,document_id,status,longest_narrative_match,coverage_six_plus,longest_metadata_match
qwen_ku500,fresh-arxiv-1599059,generated,11,0.04519774011299435,11
qwen_ku500_bt,fresh-arxiv-1599059,generated,11,0.027387640449438203,11
qwen_ku500,fresh-arxiv-1599067,generated,17,0.12189388851578241,13
qwen_ku500_bt,fresh-arxiv-1599067,generated,17,0.07618416694269625,13
qwen_ku500,fresh-arxiv-1599052,generated,22,0.09271270507439909,22
qwen_ku500_bt,fresh-arxiv-1599052,generated,22,0.07292062286365363,22
qwen_ku500,fresh-arxiv-1599053,generated,16,0.06823266219239374,16
qwen_ku500_bt,fresh-arxiv-1599053,generated,16,0.056424581005586595,16
qwen_ku500,fresh-arxiv-1599072,generated,10,0.07509663169519602,8
qwen_ku500_bt,fresh-arxiv-1599072,generated,10,0.06345733041575492,8
qwen_ku500,fresh-arxiv-1599097,generated,13,0.10170250896057348,6
qwen_ku500_bt,fresh-arxiv-1599097,generated,13,0.07648351648351648,6
qwen_ku500,fresh-arxiv-1599063,generated,10,0.0687593423019432,10
qwen_ku500_bt,fresh-arxiv-1599063,generated,10,0.06413124533929904,10
qwen_ku500,fresh-arxiv-1599075,generated,12,0.0816233470132239,20
qwen_ku500_bt,fresh-arxiv-1599075,generated,12,0.06450157870996842,20
qwen_ku500,fresh-arxiv-1599088,generated,11,0.1397919375812744,12
qwen_ku500_bt,fresh-arxiv-1599088,generated,11,0.10516129032258065,12
qwen_ku500,fresh-arxiv-1599094,generated,15,0.1407328730748805,6
qwen_ku500_bt,fresh-arxiv-1599094,generated,15,0.118706942236354,6
qwen_ku500,fresh-bethgelab-298315,generated,18,0.09557109557109557,18
qwen_ku500_bt,fresh-bethgelab-298315,generated,18,0.06856478791400349,18
qwen_ku500,fresh-bethgelab-298313,generated,12,0.0777846919726198,11
qwen_ku500_bt,fresh-bethgelab-298313,generated,12,0.05514250309789343,11
qwen_ku500,fresh-bethgelab-298331,generated,18,0.11360294117647059,23
qwen_ku500_bt,fresh-bethgelab-298331,generated,18,0.07279971024990946,23
qwen_ku500,fresh-bethgelab-298348,generated,30,0.18771075309104535,19
qwen_ku500_bt,fresh-bethgelab-298348,generated,30,0.13188031030661249,19
qwen_ku500,fresh-bethgelab-298329,generated,12,0.12900394910048266,12
qwen_ku500_bt,fresh-bethgelab-298329,generated,12,0.09141871496334628,12
qwen_ku500,fresh-bethgelab-298328,generated,11,0.12085635359116022,10
qwen_ku500_bt,fresh-bethgelab-298328,generated,11,0.07142857142857142,10
qwen_ku500,fresh-bethgelab-298314,generated,31,0.1198019801980198,8
qwen_ku500_bt,fresh-bethgelab-298314,generated,31,0.08778813143697892,8
qwen_ku500,fresh-bethgelab-298338,generated,20,0.101640838650866,17
qwen_ku500_bt,fresh-bethgelab-298338,generated,20,0.06894997746732763,17
qwen_ku500,fresh-bethgelab-298346,generated,25,0.22674418604651161,11
qwen_ku500_bt,fresh-bethgelab-298346,generated,25,0.11365211365211365,11
qwen_ku500,fresh-bethgelab-298333,generated,16,0.08604651162790698,16
qwen_ku500_bt,fresh-bethgelab-298333,generated,16,0.08251016850668216,16
gemma4_base_ku500,fresh-arxiv-1599059,generated,17,0.22132796780684105,11
gemma4_base_ku500_bt,fresh-arxiv-1599059,generated,17,0.21385542168674698,11
gemma4_base_ku500,fresh-arxiv-1599067,generated,26,0.28313592780597857,13
gemma4_base_ku500_bt,fresh-arxiv-1599067,generated,26,0.2498608792431831,13
gemma4_base_ku500,fresh-arxiv-1599052,generation_failed,24,0.18558282208588958,22
gemma4_base_ku500_bt,fresh-arxiv-1599052,generation_failed,24,0.1401799100449775,22
gemma4_base_ku500,fresh-arxiv-1599053,generated,12,0.12430939226519337,16
gemma4_base_ku500_bt,fresh-arxiv-1599053,generated,12,0.10386029411764706,16
gemma4_base_ku500,fresh-arxiv-1599072,generated,25,0.2377468910021946,8
gemma4_base_ku500_bt,fresh-arxiv-1599072,generated,25,0.20712209302325582,8
gemma4_base_ku500,fresh-arxiv-1599097,generated,17,0.27098591549295775,6
gemma4_base_ku500_bt,fresh-arxiv-1599097,generated,17,0.22264770240700218,6
gemma4_base_ku500,fresh-arxiv-1599063,generated,18,0.17304015296367112,10
gemma4_base_ku500_bt,fresh-arxiv-1599063,generated,18,0.1466414380321665,10
gemma4_base_ku500,fresh-arxiv-1599075,generated,13,0.2326241134751773,20
gemma4_base_ku500_bt,fresh-arxiv-1599075,generated,13,0.2232459248759745,20
gemma4_base_ku500,fresh-arxiv-1599088,generated,13,0.17107750472589792,12
gemma4_base_ku500_bt,fresh-arxiv-1599088,generated,13,0.13802816901408452,12
gemma4_base_ku500,fresh-arxiv-1599094,generated,18,0.24963503649635035,6
gemma4_base_ku500_bt,fresh-arxiv-1599094,generated,18,0.2381300219138057,6
gemma4_base_ku500,fresh-bethgelab-298315,generated,33,0.19955817378497792,18
gemma4_base_ku500_bt,fresh-bethgelab-298315,generated,33,0.1613372093023256,18
gemma4_base_ku500,fresh-bethgelab-298313,generated,17,0.21940622737146995,11
gemma4_base_ku500_bt,fresh-bethgelab-298313,generated,17,0.19726421886249101,11
gemma4_base_ku500,fresh-bethgelab-298331,generated,18,0.2122428499749122,23
gemma4_base_ku500_bt,fresh-bethgelab-298331,generated,18,0.17980295566502463,23
gemma4_base_ku500,fresh-bethgelab-298348,generated,17,0.2688330871491876,19
gemma4_base_ku500_bt,fresh-bethgelab-298348,generated,17,0.20615604867573373,19
gemma4_base_ku500,fresh-bethgelab-298329,generated,27,0.29553508150248053,12
gemma4_base_ku500_bt,fresh-bethgelab-298329,generated,27,0.25435540069686413,12
gemma4_base_ku500,fresh-bethgelab-298328,generated,16,0.20724029380902415,10
gemma4_base_ku500_bt,fresh-bethgelab-298328,generated,16,0.16305469556243551,10
gemma4_base_ku500,fresh-bethgelab-298314,generated,22,0.1596169193934557,8
gemma4_base_ku500_bt,fresh-bethgelab-298314,generated,22,0.11206225680933853,8
gemma4_base_ku500,fresh-bethgelab-298338,generated,15,0.15856095936042638,17
gemma4_base_ku500_bt,fresh-bethgelab-298338,generated,15,0.13011889035667107,17
gemma4_base_ku500,fresh-bethgelab-298346,generated,25,0.347085201793722,11
gemma4_base_ku500_bt,fresh-bethgelab-298346,generated,25,0.2677966101694915,11
gemma4_base_ku500,fresh-bethgelab-298333,generated,37,0.2838095238095238,16
gemma4_base_ku500_bt,fresh-bethgelab-298333,generated,37,0.25818521983161835,16
gemma4_r128_ku500,fresh-arxiv-1599059,generated,12,0.10786516853932585,11
gemma4_r128_ku500_bt,fresh-arxiv-1599059,generated,12,0.07169253510716925,11
gemma4_r128_ku500,fresh-arxiv-1599067,generated,30,0.1579497907949791,13
gemma4_r128_ku500_bt,fresh-arxiv-1599067,generated,30,0.14285714285714285,13
gemma4_r128_ku500,fresh-arxiv-1599052,generated,22,0.11392405063291139,22
gemma4_r128_ku500_bt,fresh-arxiv-1599052,generated,22,0.07408940397350994,22
gemma4_r128_ku500,fresh-arxiv-1599053,generated,12,0.07757255936675461,16
gemma4_r128_ku500_bt,fresh-arxiv-1599053,generated,12,0.047643707923355774,16
gemma4_r128_ku500,fresh-arxiv-1599072,generated,16,0.1225517627308338,8
gemma4_r128_ku500_bt,fresh-arxiv-1599072,generated,16,0.07776560788608981,8
gemma4_r128_ku500,fresh-arxiv-1599097,generated,17,0.0974074074074074,6
gemma4_r128_ku500_bt,fresh-arxiv-1599097,generated,17,0.08083394294074615,6
gemma4_r128_ku500,fresh-arxiv-1599063,generated,10,0.07621736062103035,10
gemma4_r128_ku500_bt,fresh-arxiv-1599063,generated,10,0.06429070580013976,10
gemma4_r128_ku500,fresh-arxiv-1599075,generated,20,0.09618794326241134,20
gemma4_r128_ku500_bt,fresh-arxiv-1599075,generated,20,0.09090909090909091,20
gemma4_r128_ku500,fresh-arxiv-1599088,generation_failed,12,0.15905511811023623,12
gemma4_r128_ku500_bt,fresh-arxiv-1599088,generation_failed,12,0.13157894736842105,12
gemma4_r128_ku500,fresh-arxiv-1599094,generated,15,0.14191919191919192,6
gemma4_r128_ku500_bt,fresh-arxiv-1599094,generated,15,0.1345766129032258,6
gemma4_r128_ku500,fresh-bethgelab-298315,generated,18,0.1170814479638009,18
gemma4_r128_ku500_bt,fresh-bethgelab-298315,generated,18,0.09376754632229085,18
gemma4_r128_ku500,fresh-bethgelab-298313,generated,15,0.1910828025477707,11
gemma4_r128_ku500_bt,fresh-bethgelab-298313,generated,15,0.1595744680851064,11
gemma4_r128_ku500,fresh-bethgelab-298331,generated,23,0.24539692121943857,23
gemma4_r128_ku500_bt,fresh-bethgelab-298331,generated,23,0.21207658321060383,23
gemma4_r128_ku500,fresh-bethgelab-298348,generated,17,0.17742663656884877,19
gemma4_r128_ku500_bt,fresh-bethgelab-298348,generated,17,0.10588235294117647,19
gemma4_r128_ku500,fresh-bethgelab-298329,generated,12,0.20108964834076276,12
gemma4_r128_ku500_bt,fresh-bethgelab-298329,generated,12,0.16110304789550073,12
gemma4_r128_ku500,fresh-bethgelab-298328,generated,12,0.1638474295190713,10
gemma4_r128_ku500_bt,fresh-bethgelab-298328,generated,12,0.1015625,10
gemma4_r128_ku500,fresh-bethgelab-298314,generated,37,0.196,8
gemma4_r128_ku500_bt,fresh-bethgelab-298314,generated,37,0.13693957115009747,8
gemma4_r128_ku500,fresh-bethgelab-298338,generated,23,0.14531104921077065,17
gemma4_r128_ku500_bt,fresh-bethgelab-298338,generated,21,0.0745594215996385,17
gemma4_r128_ku500,fresh-bethgelab-298346,generated,25,0.25983796296296297,11
gemma4_r128_ku500_bt,fresh-bethgelab-298346,generated,25,0.18268690275435637,11
gemma4_r128_ku500,fresh-bethgelab-298333,generated,16,0.1129423170140572,16
gemma4_r128_ku500_bt,fresh-bethgelab-298333,generated,16,0.08678881388621022,16
gemma12_base_ku500,fresh-arxiv-1599059,generated,7,0.03971486761710794,11
gemma12_base_ku500_bt,fresh-arxiv-1599059,generated,7,0.02636916835699797,11
gemma12_base_ku500,fresh-arxiv-1599067,generated,14,0.10099889012208657,13
gemma12_base_ku500_bt,fresh-arxiv-1599067,generated,14,0.09378468368479467,13
gemma12_base_ku500,fresh-arxiv-1599052,generated,12,0.05801621958827199,22
gemma12_base_ku500_bt,fresh-arxiv-1599052,generated,12,0.049129353233830844,22
gemma12_base_ku500,fresh-arxiv-1599053,generated,10,0.04660045836516425,16
gemma12_base_ku500_bt,fresh-arxiv-1599053,generated,7,0.02972560975609756,16
gemma12_base_ku500,fresh-arxiv-1599072,generated,7,0.043697478991596636,8
gemma12_base_ku500_bt,fresh-arxiv-1599072,generated,7,0.03258145363408521,8
gemma12_base_ku500,fresh-arxiv-1599097,generated,14,0.07161629434954007,6
gemma12_base_ku500_bt,fresh-arxiv-1599097,generated,14,0.06579804560260587,6
gemma12_base_ku500,fresh-arxiv-1599063,generation_failed,17,0.18159806295399517,10
gemma12_base_ku500_bt,fresh-arxiv-1599063,generation_failed,17,0.15985576923076922,10
gemma12_base_ku500,fresh-arxiv-1599075,generated,9,0.06440198159943383,20
gemma12_base_ku500_bt,fresh-arxiv-1599075,generated,8,0.04014084507042254,20
gemma12_base_ku500,fresh-arxiv-1599088,generated,9,0.0784313725490196,12
gemma12_base_ku500_bt,fresh-arxiv-1599088,generated,9,0.058823529411764705,12
gemma12_base_ku500,fresh-arxiv-1599094,generated,15,0.15892597968069666,6
gemma12_base_ku500_bt,fresh-arxiv-1599094,generated,15,0.15892597968069666,6
gemma12_base_ku500,fresh-bethgelab-298315,generated,11,0.05483271375464684,18
gemma12_base_ku500_bt,fresh-bethgelab-298315,generated,11,0.04170528266913809,18
gemma12_base_ku500,fresh-bethgelab-298313,generated,11,0.0423963133640553,11
gemma12_base_ku500_bt,fresh-bethgelab-298313,generated,11,0.0423963133640553,11
gemma12_base_ku500,fresh-bethgelab-298331,generated,18,0.056461001164144355,23
gemma12_base_ku500_bt,fresh-bethgelab-298331,generated,18,0.03002309468822171,23
gemma12_base_ku500,fresh-bethgelab-298348,generated,9,0.07494489346069066,19
gemma12_base_ku500_bt,fresh-bethgelab-298348,generated,9,0.05060584461867427,19
gemma12_base_ku500,fresh-bethgelab-298329,generated,12,0.11933333333333333,12
gemma12_base_ku500_bt,fresh-bethgelab-298329,generated,12,0.10652463382157124,12
gemma12_base_ku500,fresh-bethgelab-298328,generated,10,0.05561072492552135,10
gemma12_base_ku500_bt,fresh-bethgelab-298328,generated,10,0.03603158933859822,10
gemma12_base_ku500,fresh-bethgelab-298314,generated,11,0.0605854322668482,8
gemma12_base_ku500_bt,fresh-bethgelab-298314,generated,11,0.047555257870060284,8
gemma12_base_ku500,fresh-bethgelab-298338,generated,20,0.17015706806282724,17
gemma12_base_ku500_bt,fresh-bethgelab-298338,generated,20,0.1403622250970246,17
gemma12_base_ku500,fresh-bethgelab-298346,generated,9,0.10506798516687268,11
gemma12_base_ku500_bt,fresh-bethgelab-298346,generated,6,0.05389221556886228,11
gemma12_base_ku500,fresh-bethgelab-298333,generated,9,0.049019607843137254,16
gemma12_base_ku500_bt,fresh-bethgelab-298333,generated,9,0.04340836012861737,16
gemma12_r128_ku500,fresh-arxiv-1599059,generated,12,0.11791044776119403,11
gemma12_r128_ku500_bt,fresh-arxiv-1599059,generated,12,0.10518518518518519,11
gemma12_r128_ku500,fresh-arxiv-1599067,generated,14,0.1212862635442153,13
gemma12_r128_ku500_bt,fresh-arxiv-1599067,generated,14,0.10386894388288602,13
gemma12_r128_ku500,fresh-arxiv-1599052,generated,22,0.10045473336089293,22
gemma12_r128_ku500_bt,fresh-arxiv-1599052,generated,22,0.08647540983606557,22
gemma12_r128_ku500,fresh-arxiv-1599053,generated,11,0.056433408577878104,16
gemma12_r128_ku500_bt,fresh-arxiv-1599053,generated,11,0.035754189944134075,16
gemma12_r128_ku500,fresh-arxiv-1599072,generated,9,0.05731707317073171,8
gemma12_r128_ku500_bt,fresh-arxiv-1599072,generated,8,0.042501517911353974,8
gemma12_r128_ku500,fresh-arxiv-1599097,generated,13,0.09664607237422772,6
gemma12_r128_ku500_bt,fresh-arxiv-1599097,generated,13,0.07909604519774012,6
gemma12_r128_ku500,fresh-arxiv-1599063,generated,17,0.05709876543209876,10
gemma12_r128_ku500_bt,fresh-arxiv-1599063,generated,17,0.04677914110429448,10
gemma12_r128_ku500,fresh-arxiv-1599075,generated,8,0.06115107913669065,20
gemma12_r128_ku500_bt,fresh-arxiv-1599075,generated,8,0.05740645822655049,20
gemma12_r128_ku500,fresh-arxiv-1599088,generated,12,0.1078503301540719,12
gemma12_r128_ku500_bt,fresh-arxiv-1599088,generated,12,0.06570397111913358,12
gemma12_r128_ku500,fresh-arxiv-1599094,generated,15,0.1625198517734251,6
gemma12_r128_ku500_bt,fresh-arxiv-1599094,generated,15,0.15360336664913204,6
gemma12_r128_ku500,fresh-bethgelab-298315,generated,18,0.11647727272727272,18
gemma12_r128_ku500_bt,fresh-bethgelab-298315,generated,18,0.07609921082299888,18
gemma12_r128_ku500,fresh-bethgelab-298313,generated,16,0.24265072247135028,11
gemma12_r128_ku500_bt,fresh-bethgelab-298313,generated,16,0.18293885601577908,11
gemma12_r128_ku500,fresh-bethgelab-298331,generated,23,0.161007249141549,23
gemma12_r128_ku500_bt,fresh-bethgelab-298331,generated,23,0.12124624624624625,23
gemma12_r128_ku500,fresh-bethgelab-298348,generated,19,0.22765246449456975,19
gemma12_r128_ku500_bt,fresh-bethgelab-298348,generated,19,0.1690603200656545,19
gemma12_r128_ku500,fresh-bethgelab-298329,generated,12,0.13978494623655913,12
gemma12_r128_ku500_bt,fresh-bethgelab-298329,generated,12,0.09594272076372315,12
gemma12_r128_ku500,fresh-bethgelab-298328,generated,12,0.13233287858117326,10
gemma12_r128_ku500_bt,fresh-bethgelab-298328,generated,9,0.06356073211314475,10
gemma12_r128_ku500,fresh-bethgelab-298314,generated,35,0.18396485447556288,8
gemma12_r128_ku500_bt,fresh-bethgelab-298314,generated,35,0.14239306984298863,8
gemma12_r128_ku500,fresh-bethgelab-298338,generated,20,0.22091974752028856,17
gemma12_r128_ku500_bt,fresh-bethgelab-298338,generated,20,0.17866666666666667,17
gemma12_r128_ku500,fresh-bethgelab-298346,generated,25,0.23022709475332812,11
gemma12_r128_ku500_bt,fresh-bethgelab-298346,generated,25,0.1529051987767584,11
gemma12_r128_ku500,fresh-bethgelab-298333,generated,11,0.10096976611523104,16
gemma12_r128_ku500_bt,fresh-bethgelab-298333,generated,11,0.0758505298382599,16
qwen_ku1000,fresh-arxiv-1599059,generated,12,0.08695652173913043,11
qwen_ku1000_bt,fresh-arxiv-1599059,generated,12,0.07800511508951406,11
qwen_ku1000,fresh-arxiv-1599067,generated,13,0.10691515448749386,13
qwen_ku1000_bt,fresh-arxiv-1599067,generated,13,0.07330097087378641,13
qwen_ku1000,fresh-arxiv-1599052,generated,22,0.09898843930635838,22
qwen_ku1000_bt,fresh-arxiv-1599052,generated,22,0.06435643564356436,22
qwen_ku1000,fresh-arxiv-1599053,generated,12,0.08339828526890102,16
qwen_ku1000_bt,fresh-arxiv-1599053,generated,12,0.06303501945525292,16
qwen_ku1000,fresh-arxiv-1599072,generated,8,0.07130124777183601,8
qwen_ku1000_bt,fresh-arxiv-1599072,generated,8,0.06483126110124333,8
qwen_ku1000,fresh-arxiv-1599097,generated,10,0.08648989898989899,6
qwen_ku1000_bt,fresh-arxiv-1599097,generated,9,0.07624448645242596,6
qwen_ku1000,fresh-arxiv-1599063,generated,10,0.09483960948396095,10
qwen_ku1000_bt,fresh-arxiv-1599063,generated,10,0.08611111111111111,10
qwen_ku1000,fresh-arxiv-1599075,generated,12,0.08098891730605286,20
qwen_ku1000_bt,fresh-arxiv-1599075,generated,12,0.061447811447811446,20
qwen_ku1000,fresh-arxiv-1599088,generated,10,0.10438908659549229,12
qwen_ku1000_bt,fresh-arxiv-1599088,generated,10,0.06191588785046729,12
qwen_ku1000,fresh-arxiv-1599094,generated,15,0.16265060240963855,6
qwen_ku1000_bt,fresh-arxiv-1599094,generated,15,0.14900947459086994,6
qwen_ku1000,fresh-bethgelab-298315,generated,11,0.11067961165048544,18
qwen_ku1000_bt,fresh-bethgelab-298315,generated,7,0.04734299516908213,18
qwen_ku1000,fresh-bethgelab-298313,generated,9,0.03908355795148248,11
qwen_ku1000_bt,fresh-bethgelab-298313,generated,9,0.020161290322580645,11
qwen_ku1000,fresh-bethgelab-298331,generated,13,0.07195301027900147,23
qwen_ku1000_bt,fresh-bethgelab-298331,generated,13,0.05316091954022988,23
qwen_ku1000,fresh-bethgelab-298348,generated,9,0.08358895705521473,19
qwen_ku1000_bt,fresh-bethgelab-298348,generated,9,0.059757942511346446,19
qwen_ku1000,fresh-bethgelab-298329,generated,12,0.14285714285714285,12
qwen_ku1000_bt,fresh-bethgelab-298329,generated,12,0.10570236439499305,12
qwen_ku1000,fresh-bethgelab-298328,generated,11,0.1620021528525296,10
qwen_ku1000_bt,fresh-bethgelab-298328,generated,11,0.11652542372881355,10
qwen_ku1000,fresh-bethgelab-298314,generated,21,0.11586452762923351,8
qwen_ku1000_bt,fresh-bethgelab-298314,generated,21,0.08969804618117229,8
qwen_ku1000,fresh-bethgelab-298338,generated,10,0.100080064051241,17
qwen_ku1000_bt,fresh-bethgelab-298338,generated,10,0.08133971291866028,17
qwen_ku1000,fresh-bethgelab-298346,generated,13,0.23207171314741035,11
qwen_ku1000_bt,fresh-bethgelab-298346,generated,13,0.13051823416506717,11
qwen_ku1000,fresh-bethgelab-298333,generated,8,0.029281277728482696,16
qwen_ku1000_bt,fresh-bethgelab-298333,generated,8,0.029281277728482696,16
gemma4_base_ku1000,fresh-arxiv-1599059,generated,23,0.3419773095623987,11
gemma4_base_ku1000_bt,fresh-arxiv-1599059,generated,23,0.3024,11
gemma4_base_ku1000,fresh-arxiv-1599067,generated,12,0.1977077363896848,13
gemma4_base_ku1000_bt,fresh-arxiv-1599067,generated,12,0.18043684710351376,13
gemma4_base_ku1000,fresh-arxiv-1599052,generated,24,0.263215859030837,22
gemma4_base_ku1000_bt,fresh-arxiv-1599052,generated,24,0.20447284345047922,22
gemma4_base_ku1000,fresh-arxiv-1599053,generated,14,0.20711974110032363,16
gemma4_base_ku1000_bt,fresh-arxiv-1599053,generated,12,0.15764331210191082,16
gemma4_base_ku1000,fresh-arxiv-1599072,generated,12,0.22795969773299748,8
gemma4_base_ku1000_bt,fresh-arxiv-1599072,generated,12,0.22012578616352202,8
gemma4_base_ku1000,fresh-arxiv-1599097,generated,17,0.23677884615384615,6
gemma4_base_ku1000_bt,fresh-arxiv-1599097,generated,17,0.1721698113207547,6
gemma4_base_ku1000,fresh-arxiv-1599063,generated,41,0.3254901960784314,10
gemma4_base_ku1000_bt,fresh-arxiv-1599063,generated,41,0.30078125,10
gemma4_base_ku1000,fresh-arxiv-1599075,generated,16,0.14378238341968913,20
gemma4_base_ku1000_bt,fresh-arxiv-1599075,generated,16,0.13488975356679636,20
gemma4_base_ku1000,fresh-arxiv-1599088,generated,13,0.2417391304347826,12
gemma4_base_ku1000_bt,fresh-arxiv-1599088,generated,13,0.20618556701030927,12
gemma4_base_ku1000,fresh-arxiv-1599094,generated,24,0.25833333333333336,6
gemma4_base_ku1000_bt,fresh-arxiv-1599094,generated,24,0.25833333333333336,6
gemma4_base_ku1000,fresh-bethgelab-298315,generated,10,0.17806267806267806,18
gemma4_base_ku1000_bt,fresh-bethgelab-298315,generated,10,0.16028368794326242,18
gemma4_base_ku1000,fresh-bethgelab-298313,generated,15,0.14349775784753363,11
gemma4_base_ku1000_bt,fresh-bethgelab-298313,generated,11,0.11329170383586083,11
gemma4_base_ku1000,fresh-bethgelab-298331,generated,18,0.12280701754385964,23
gemma4_base_ku1000_bt,fresh-bethgelab-298331,generated,18,0.11083437110834371,23
gemma4_base_ku1000,fresh-bethgelab-298348,generated,17,0.20121028744326777,19
gemma4_base_ku1000_bt,fresh-bethgelab-298348,generated,17,0.18277945619335348,19
gemma4_base_ku1000,fresh-bethgelab-298329,generated,12,0.18195956454121306,12
gemma4_base_ku1000_bt,fresh-bethgelab-298329,generated,12,0.1465648854961832,12
gemma4_base_ku1000,fresh-bethgelab-298328,generated,13,0.23429084380610413,10
gemma4_base_ku1000_bt,fresh-bethgelab-298328,generated,13,0.18294849023090587,10
gemma4_base_ku1000,fresh-bethgelab-298314,generated,12,0.1990811638591118,8
gemma4_base_ku1000_bt,fresh-bethgelab-298314,generated,12,0.18807339449541285,8
gemma4_base_ku1000,fresh-bethgelab-298338,generated,13,0.12572759022118743,17
gemma4_base_ku1000_bt,fresh-bethgelab-298338,generated,13,0.12572759022118743,17
gemma4_base_ku1000,fresh-bethgelab-298346,generated,25,0.2903885480572597,11
gemma4_base_ku1000_bt,fresh-bethgelab-298346,generated,25,0.20388349514563106,11
gemma4_base_ku1000,fresh-bethgelab-298333,generated,10,0.1325478645066274,16
gemma4_base_ku1000_bt,fresh-bethgelab-298333,generated,10,0.0988538681948424,16
gemma4_r128_ku1000,fresh-arxiv-1599059,generated,10,0.09409190371991247,11
gemma4_r128_ku1000_bt,fresh-arxiv-1599059,generated,7,0.04352557127312296,11
gemma4_r128_ku1000,fresh-arxiv-1599067,generated,20,0.1633720930232558,13
gemma4_r128_ku1000_bt,fresh-arxiv-1599067,generated,20,0.11544991511035653,13
gemma4_r128_ku1000,fresh-arxiv-1599052,generated,22,0.11419249592169657,22
gemma4_r128_ku1000_bt,fresh-arxiv-1599052,generated,22,0.08151735270379339,22
gemma4_r128_ku1000,fresh-arxiv-1599053,generated,12,0.08836023789294817,16
gemma4_r128_ku1000_bt,fresh-arxiv-1599053,generated,12,0.040731504571903575,16
gemma4_r128_ku1000,fresh-arxiv-1599072,generated,10,0.12003244120032441,8
gemma4_r128_ku1000_bt,fresh-arxiv-1599072,generated,10,0.07377706495589414,8
gemma4_r128_ku1000,fresh-arxiv-1599097,generated,14,0.07896528250510551,6
gemma4_r128_ku1000_bt,fresh-arxiv-1599097,generated,14,0.06405933917734322,6
gemma4_r128_ku1000,fresh-arxiv-1599063,generated,11,0.15723270440251572,10
gemma4_r128_ku1000_bt,fresh-arxiv-1599063,generated,10,0.08557457212713937,10
gemma4_r128_ku1000,fresh-arxiv-1599075,generated,20,0.1131928181108509,20
gemma4_r128_ku1000_bt,fresh-arxiv-1599075,generated,20,0.09140201394268009,20
gemma4_r128_ku1000,fresh-arxiv-1599088,generated,9,0.08770161290322581,12
gemma4_r128_ku1000_bt,fresh-arxiv-1599088,generated,9,0.05094905094905095,12
gemma4_r128_ku1000,fresh-arxiv-1599094,generated,26,0.24727272727272728,6
gemma4_r128_ku1000_bt,fresh-arxiv-1599094,generated,26,0.22836363636363635,6
gemma4_r128_ku1000,fresh-bethgelab-298315,generated,18,0.12154696132596685,18
gemma4_r128_ku1000_bt,fresh-bethgelab-298315,generated,18,0.07397260273972603,18
gemma4_r128_ku1000,fresh-bethgelab-298313,generated,11,0.05818181818181818,11
gemma4_r128_ku1000_bt,fresh-bethgelab-298313,generated,11,0.0456989247311828,11
gemma4_r128_ku1000,fresh-bethgelab-298331,generated,11,0.06269592476489028,23
gemma4_r128_ku1000_bt,fresh-bethgelab-298331,generated,11,0.0547945205479452,23
gemma4_r128_ku1000,fresh-bethgelab-298348,generated,24,0.16604616530156366,19
gemma4_r128_ku1000_bt,fresh-bethgelab-298348,generated,24,0.11768901569186876,19
gemma4_r128_ku1000,fresh-bethgelab-298329,generated,16,0.23569951757408683,12
gemma4_r128_ku1000_bt,fresh-bethgelab-298329,generated,16,0.19440654843110505,12
gemma4_r128_ku1000,fresh-bethgelab-298328,generated,11,0.12107870115575124,10
gemma4_r128_ku1000_bt,fresh-bethgelab-298328,generated,7,0.0641304347826087,10
gemma4_r128_ku1000,fresh-bethgelab-298314,generated,24,0.24581939799331104,8
gemma4_r128_ku1000_bt,fresh-bethgelab-298314,generated,24,0.1548956661316212,8
gemma4_r128_ku1000,fresh-bethgelab-298338,generated,20,0.1259320629660315,17
gemma4_r128_ku1000_bt,fresh-bethgelab-298338,generated,20,0.07698607698607698,17
gemma4_r128_ku1000,fresh-bethgelab-298346,generated,25,0.32275132275132273,11
gemma4_r128_ku1000_bt,fresh-bethgelab-298346,generated,25,0.23814328960645811,11
gemma4_r128_ku1000,fresh-bethgelab-298333,generated,10,0.11411665257819104,16
gemma4_r128_ku1000_bt,fresh-bethgelab-298333,generated,10,0.0957886044591247,16
gemma12_base_ku1000,fresh-arxiv-1599059,generated,7,0.034050179211469536,11
gemma12_base_ku1000_bt,fresh-arxiv-1599059,generated,7,0.023297491039426525,11
gemma12_base_ku1000,fresh-arxiv-1599067,generated,12,0.0773966578715919,13
gemma12_base_ku1000_bt,fresh-arxiv-1599067,generated,6,0.047079337401918046,13
gemma12_base_ku1000,fresh-arxiv-1599052,generated,18,0.16615698267074414,22
gemma12_base_ku1000_bt,fresh-arxiv-1599052,generated,13,0.1328600405679513,22
gemma12_base_ku1000,fresh-arxiv-1599053,generated,6,0.008559201141226819,16
gemma12_base_ku1000_bt,fresh-arxiv-1599053,generated,6,0.008559201141226819,16
gemma12_base_ku1000,fresh-arxiv-1599072,generated,9,0.07321428571428572,8
gemma12_base_ku1000_bt,fresh-arxiv-1599072,generated,9,0.062388591800356503,8
gemma12_base_ku1000,fresh-arxiv-1599097,generated,11,0.06673842841765339,6
gemma12_base_ku1000_bt,fresh-arxiv-1599097,generated,11,0.04838709677419355,6
gemma12_base_ku1000,fresh-arxiv-1599063,generated,6,0.0332409972299169,10
gemma12_base_ku1000_bt,fresh-arxiv-1599063,generated,6,0.0332409972299169,10
gemma12_base_ku1000,fresh-arxiv-1599075,generation_failed,8,0.06403940886699508,20
gemma12_base_ku1000_bt,fresh-arxiv-1599075,generation_failed,8,0.054009819967266774,20
gemma12_base_ku1000,fresh-arxiv-1599088,generated,8,0.07528641571194762,12
gemma12_base_ku1000_bt,fresh-arxiv-1599088,generated,7,0.02066772655007949,12
gemma12_base_ku1000,fresh-arxiv-1599094,generated,15,0.14597544338335608,6
gemma12_base_ku1000_bt,fresh-arxiv-1599094,generated,15,0.14597544338335608,6
gemma12_base_ku1000,fresh-bethgelab-298315,generated,7,0.07952871870397643,18
gemma12_base_ku1000_bt,fresh-bethgelab-298315,generated,7,0.03840472673559823,18
gemma12_base_ku1000,fresh-bethgelab-298313,generated,11,0.032640949554896145,11
gemma12_base_ku1000_bt,fresh-bethgelab-298313,generated,11,0.032640949554896145,11
gemma12_base_ku1000,fresh-bethgelab-298331,generated,11,0.09869848156182212,23
gemma12_base_ku1000_bt,fresh-bethgelab-298331,generated,11,0.08540540540540541,23
gemma12_base_ku1000,fresh-bethgelab-298348,generated,9,0.07514450867052024,19
gemma12_base_ku1000_bt,fresh-bethgelab-298348,generated,9,0.04293785310734463,19
gemma12_base_ku1000,fresh-bethgelab-298329,generated,12,0.11473429951690821,12
gemma12_base_ku1000_bt,fresh-bethgelab-298329,generated,12,0.09569377990430622,12
gemma12_base_ku1000,fresh-bethgelab-298328,generated,8,0.08449074074074074,10
gemma12_base_ku1000_bt,fresh-bethgelab-298328,generated,7,0.07497116493656286,10
gemma12_base_ku1000,fresh-bethgelab-298314,generated,9,0.1282420749279539,8
gemma12_base_ku1000_bt,fresh-bethgelab-298314,generated,9,0.09180790960451977,8
gemma12_base_ku1000,fresh-bethgelab-298338,generated,10,0.11523687580025609,17
gemma12_base_ku1000_bt,fresh-bethgelab-298338,generated,10,0.08640406607369759,17
gemma12_base_ku1000,fresh-bethgelab-298346,generated,9,0.19732441471571907,11
gemma12_base_ku1000_bt,fresh-bethgelab-298346,generated,7,0.136,11
gemma12_base_ku1000,fresh-bethgelab-298333,generated,5,0.0,16
gemma12_base_ku1000_bt,fresh-bethgelab-298333,generated,5,0.0,16
gemma12_r128_ku1000,fresh-arxiv-1599059,generated,11,0.11818181818181818,11
gemma12_r128_ku1000_bt,fresh-arxiv-1599059,generated,11,0.09886363636363636,11
gemma12_r128_ku1000,fresh-arxiv-1599067,generated,14,0.12733260153677278,13
gemma12_r128_ku1000_bt,fresh-arxiv-1599067,generated,14,0.0983695652173913,13
gemma12_r128_ku1000,fresh-arxiv-1599052,generated,12,0.07456140350877193,22
gemma12_r128_ku1000_bt,fresh-arxiv-1599052,generated,8,0.049927641099855286,22
gemma12_r128_ku1000,fresh-arxiv-1599053,generated,14,0.1004983388704319,16
gemma12_r128_ku1000_bt,fresh-arxiv-1599053,generated,14,0.07089859851607584,16
gemma12_r128_ku1000,fresh-arxiv-1599072,generated,9,0.06196377502383222,8
gemma12_r128_ku1000_bt,fresh-arxiv-1599072,generated,9,0.05343511450381679,8
gemma12_r128_ku1000,fresh-arxiv-1599097,generated,13,0.07723855092276145,6
gemma12_r128_ku1000_bt,fresh-arxiv-1599097,generated,13,0.07269021739130435,6
gemma12_r128_ku1000,fresh-arxiv-1599063,generated,10,0.049531459170013385,10
gemma12_r128_ku1000_bt,fresh-arxiv-1599063,generated,10,0.013192612137203167,10
gemma12_r128_ku1000,fresh-arxiv-1599075,generated,12,0.0792626728110599,20
gemma12_r128_ku1000_bt,fresh-arxiv-1599075,generated,12,0.07359705611775529,20
gemma12_r128_ku1000,fresh-arxiv-1599088,generated,12,0.10508083140877598,12
gemma12_r128_ku1000_bt,fresh-arxiv-1599088,generated,12,0.06256983240223464,12
gemma12_r128_ku1000,fresh-arxiv-1599094,generated,15,0.16607142857142856,6
gemma12_r128_ku1000_bt,fresh-arxiv-1599094,generated,15,0.16592328278322926,6
gemma12_r128_ku1000,fresh-bethgelab-298315,generated,18,0.10428849902534112,18
gemma12_r128_ku1000_bt,fresh-bethgelab-298315,generated,18,0.08011583011583012,18
gemma12_r128_ku1000,fresh-bethgelab-298313,generated,15,0.19291338582677164,11
gemma12_r128_ku1000_bt,fresh-bethgelab-298313,generated,11,0.12968299711815562,11
gemma12_r128_ku1000,fresh-bethgelab-298331,generated,18,0.12407407407407407,23
gemma12_r128_ku1000_bt,fresh-bethgelab-298331,generated,18,0.09357798165137615,23
gemma12_r128_ku1000,fresh-bethgelab-298348,generated,19,0.11392405063291139,19
gemma12_r128_ku1000_bt,fresh-bethgelab-298348,generated,19,0.0892226148409894,19
gemma12_r128_ku1000,fresh-bethgelab-298329,generated,12,0.09381663113006397,12
gemma12_r128_ku1000_bt,fresh-bethgelab-298329,generated,12,0.07299787384833452,12
gemma12_r128_ku1000,fresh-bethgelab-298328,generated,12,0.11082802547770701,10
gemma12_r128_ku1000_bt,fresh-bethgelab-298328,generated,12,0.06332288401253919,10
gemma12_r128_ku1000,fresh-bethgelab-298314,generated,37,0.18824609733700642,8
gemma12_r128_ku1000_bt,fresh-bethgelab-298314,generated,37,0.14878268710550044,8
gemma12_r128_ku1000,fresh-bethgelab-298338,generated,17,0.133086876155268,17
gemma12_r128_ku1000_bt,fresh-bethgelab-298338,generated,17,0.09281164695177434,17
gemma12_r128_ku1000,fresh-bethgelab-298346,generated,12,0.11059190031152648,11
gemma12_r128_ku1000_bt,fresh-bethgelab-298346,generated,11,0.09119010819165378,11
gemma12_r128_ku1000,fresh-bethgelab-298333,generated,35,0.10406091370558376,16
gemma12_r128_ku1000_bt,fresh-bethgelab-298333,generated,35,0.08868243243243243,16
qwen_summary,fresh-arxiv-1599059,generated,10,0.11134020618556702,11
gemma4_base_summary,fresh-arxiv-1599059,generated,13,0.052132701421800945,11
gemma4_r128_summary,fresh-arxiv-1599059,generated,17,0.06660039761431412,11
gemma12_base_summary,fresh-arxiv-1599059,generated,17,0.12813738441215325,11
gemma12_r128_summary,fresh-arxiv-1599059,generated,20,0.126232741617357,11
gemma12_previous_summary_lora,fresh-arxiv-1599059,generated,21,0.12195121951219512,11
qwen_summary,fresh-arxiv-1599067,generated,8,0.10233682514101532,13
gemma4_base_summary,fresh-arxiv-1599067,generated,7,0.051047120418848166,25
gemma4_r128_summary,fresh-arxiv-1599067,generated,11,0.0925181013676589,13
gemma12_base_summary,fresh-arxiv-1599067,generated,10,0.125250501002004,25
gemma12_r128_summary,fresh-arxiv-1599067,generated,9,0.09917920656634747,25
gemma12_previous_summary_lora,fresh-arxiv-1599067,generated,28,0.2007233273056058,25
qwen_summary,fresh-arxiv-1599052,generated,7,0.0575609756097561,22
gemma4_base_summary,fresh-arxiv-1599052,generated,9,0.06654512306289881,22
gemma4_r128_summary,fresh-arxiv-1599052,generated,8,0.024110218140068886,22
gemma12_base_summary,fresh-arxiv-1599052,generated,14,0.12686567164179105,22
gemma12_r128_summary,fresh-arxiv-1599052,generated,11,0.06896551724137931,22
gemma12_previous_summary_lora,fresh-arxiv-1599052,generated,24,0.16150740242261102,22
qwen_summary,fresh-arxiv-1599053,generated,10,0.06503496503496503,16
gemma4_base_summary,fresh-arxiv-1599053,generated,22,0.084,16
gemma4_r128_summary,fresh-arxiv-1599053,generated,8,0.03241106719367589,16
gemma12_base_summary,fresh-arxiv-1599053,generated,13,0.11134020618556702,16
gemma12_r128_summary,fresh-arxiv-1599053,generated,10,0.05972850678733032,16
gemma12_previous_summary_lora,fresh-arxiv-1599053,generated,18,0.12010443864229765,16
qwen_summary,fresh-arxiv-1599072,generated,10,0.18507462686567164,9
gemma4_base_summary,fresh-arxiv-1599072,generation_failed,,,
gemma4_r128_summary,fresh-arxiv-1599072,generated,9,0.023305084745762712,9
gemma12_base_summary,fresh-arxiv-1599072,generated,10,0.22950819672131148,9
gemma12_r128_summary,fresh-arxiv-1599072,generated,14,0.16626794258373206,9
gemma12_previous_summary_lora,fresh-arxiv-1599072,generated,13,0.15777262180974477,9
qwen_summary,fresh-arxiv-1599097,generated,10,0.13100436681222707,6
gemma4_base_summary,fresh-arxiv-1599097,generated,8,0.04500548847420417,9
gemma4_r128_summary,fresh-arxiv-1599097,generation_failed,,,
gemma12_base_summary,fresh-arxiv-1599097,generated,12,0.16574585635359115,6
gemma12_r128_summary,fresh-arxiv-1599097,generated,9,0.1360708534621578,6
gemma12_previous_summary_lora,fresh-arxiv-1599097,generated,20,0.13783132530120482,6
qwen_summary,fresh-arxiv-1599063,generated,11,0.09781659388646288,10
gemma4_base_summary,fresh-arxiv-1599063,generated,12,0.04177545691906005,33
gemma4_r128_summary,fresh-arxiv-1599063,generated,10,0.03961352657004831,10
gemma12_base_summary,fresh-arxiv-1599063,generated,9,0.11428571428571428,24
gemma12_r128_summary,fresh-arxiv-1599063,generated,13,0.14981549815498155,24
gemma12_previous_summary_lora,fresh-arxiv-1599063,generated,15,0.1332916145181477,10
qwen_summary,fresh-arxiv-1599075,generated,9,0.04219409282700422,20
gemma4_base_summary,fresh-arxiv-1599075,generated,7,0.050292397660818715,24
gemma4_r128_summary,fresh-arxiv-1599075,generated,9,0.08108108108108109,24
gemma12_base_summary,fresh-arxiv-1599075,generated,9,0.04287369640787949,24
gemma12_r128_summary,fresh-arxiv-1599075,generated,8,0.05832793259883344,24
gemma12_previous_summary_lora,fresh-arxiv-1599075,generated,8,0.027099067081297203,20
qwen_summary,fresh-arxiv-1599088,generated,9,0.11145038167938931,12
gemma4_base_summary,fresh-arxiv-1599088,generated,10,0.06367924528301887,15
gemma4_r128_summary,fresh-arxiv-1599088,generated,9,0.032679738562091505,12
gemma12_base_summary,fresh-arxiv-1599088,generated,10,0.1563071297989031,15
gemma12_r128_summary,fresh-arxiv-1599088,generated,10,0.09288299155609167,15
gemma12_previous_summary_lora,fresh-arxiv-1599088,generated,11,0.15635005336179295,15
qwen_summary,fresh-arxiv-1599094,generated,7,0.05005005005005005,8
gemma4_base_summary,fresh-arxiv-1599094,generated,11,0.05034965034965035,8
gemma4_r128_summary,fresh-arxiv-1599094,generated,9,0.037298387096774195,8
gemma12_base_summary,fresh-arxiv-1599094,generated,11,0.14469453376205788,8
gemma12_r128_summary,fresh-arxiv-1599094,generated,18,0.20760233918128654,8
gemma12_previous_summary_lora,fresh-arxiv-1599094,generated,17,0.10671256454388985,8
qwen_summary,fresh-bethgelab-298315,generated,11,0.09931506849315068,18
gemma4_base_summary,fresh-bethgelab-298315,generated,12,0.04738154613466334,18
gemma4_r128_summary,fresh-bethgelab-298315,generated,11,0.09486166007905138,18
gemma12_base_summary,fresh-bethgelab-298315,generated,18,0.2882051282051282,18
gemma12_r128_summary,fresh-bethgelab-298315,generated,12,0.1941083640189374,18
gemma12_previous_summary_lora,fresh-bethgelab-298315,generated,17,0.18525798525798526,18
qwen_summary,fresh-bethgelab-298313,generated,9,0.051590106007067135,11
gemma4_base_summary,fresh-bethgelab-298313,generated,7,0.029017857142857144,95
gemma4_r128_summary,fresh-bethgelab-298313,generated,7,0.02872531418312388,11
gemma12_base_summary,fresh-bethgelab-298313,generated,10,0.13926701570680627,11
gemma12_r128_summary,fresh-bethgelab-298313,generated,10,0.10229799851742032,11
gemma12_previous_summary_lora,fresh-bethgelab-298313,generated,23,0.1724137931034483,11
qwen_summary,fresh-bethgelab-298331,generated,10,0.09703504043126684,23
gemma4_base_summary,fresh-bethgelab-298331,generated,11,0.04249667994687915,30
gemma4_r128_summary,fresh-bethgelab-298331,generated,9,0.07468879668049792,23
gemma12_base_summary,fresh-bethgelab-298331,generated,9,0.12197802197802197,23
gemma12_r128_summary,fresh-bethgelab-298331,generated,10,0.08483033932135728,23
gemma12_previous_summary_lora,fresh-bethgelab-298331,generated,17,0.17418099253973401,23
qwen_summary,fresh-bethgelab-298348,generated,13,0.2266857962697274,19
gemma4_base_summary,fresh-bethgelab-298348,generated,10,0.08625730994152046,19
gemma4_r128_summary,fresh-bethgelab-298348,generated,9,0.10013175230566534,19
gemma12_base_summary,fresh-bethgelab-298348,generated,17,0.352112676056338,19
gemma12_r128_summary,fresh-bethgelab-298348,generated,10,0.07347972972972973,97
gemma12_previous_summary_lora,fresh-bethgelab-298348,generated,10,0.1316793893129771,19
qwen_summary,fresh-bethgelab-298329,generated,12,0.19383259911894274,12
gemma4_base_summary,fresh-bethgelab-298329,generated,11,0.06910569105691057,12
gemma4_r128_summary,fresh-bethgelab-298329,generated,12,0.10377358490566038,12
gemma12_base_summary,fresh-bethgelab-298329,generated,16,0.20506912442396313,22
gemma12_r128_summary,fresh-bethgelab-298329,generated,12,0.22097053726169844,22
gemma12_previous_summary_lora,fresh-bethgelab-298329,generated,26,0.3196573489630298,12
qwen_summary,fresh-bethgelab-298328,generated,16,0.1595744680851064,10
gemma4_base_summary,fresh-bethgelab-298328,generated,12,0.036904761904761905,52
gemma4_r128_summary,fresh-bethgelab-298328,generated,8,0.05035405192761605,10
gemma12_base_summary,fresh-bethgelab-298328,generated,13,0.17387543252595156,35
gemma12_r128_summary,fresh-bethgelab-298328,generated,20,0.32805755395683456,35
gemma12_previous_summary_lora,fresh-bethgelab-298328,generated,16,0.15943728018757328,10
qwen_summary,fresh-bethgelab-298314,generated,8,0.049682875264270614,8
gemma4_base_summary,fresh-bethgelab-298314,generated,10,0.033478893740902474,8
gemma4_r128_summary,fresh-bethgelab-298314,generated,8,0.06190476190476191,8
gemma12_base_summary,fresh-bethgelab-298314,generated,11,0.1400414937759336,8
gemma12_r128_summary,fresh-bethgelab-298314,generated,13,0.07450980392156863,8
gemma12_previous_summary_lora,fresh-bethgelab-298314,generated,26,0.15613026819923373,8
qwen_summary,fresh-bethgelab-298338,generated,12,0.14781746031746032,17
gemma4_base_summary,fresh-bethgelab-298338,generated,12,0.08113391984359726,35
gemma4_r128_summary,fresh-bethgelab-298338,generated,12,0.03399765533411489,17
gemma12_base_summary,fresh-bethgelab-298338,generated,14,0.19248826291079812,35
gemma12_r128_summary,fresh-bethgelab-298338,generated,14,0.14036617262423715,35
gemma12_previous_summary_lora,fresh-bethgelab-298338,generated,23,0.22846441947565543,17
qwen_summary,fresh-bethgelab-298346,generated,9,0.14573991031390135,11
gemma4_base_summary,fresh-bethgelab-298346,generated,10,0.051682692307692304,19
gemma4_r128_summary,fresh-bethgelab-298346,generation_failed,,,
gemma12_base_summary,fresh-bethgelab-298346,generated,13,0.2531500572737686,19
gemma12_r128_summary,fresh-bethgelab-298346,generated,16,0.12153038259564891,19
gemma12_previous_summary_lora,fresh-bethgelab-298346,generated,17,0.15309446254071662,19
qwen_summary,fresh-bethgelab-298333,generated,14,0.09187620889748549,29
gemma4_base_summary,fresh-bethgelab-298333,generation_failed,,,
gemma4_r128_summary,fresh-bethgelab-298333,generated,8,0.03866809881847476,29
gemma12_base_summary,fresh-bethgelab-298333,generated,10,0.14285714285714285,29
gemma12_r128_summary,fresh-bethgelab-298333,generated,13,0.18690213392200147,29
gemma12_previous_summary_lora,fresh-bethgelab-298333,generated,13,0.10551687198714516,29
