document_id,status,source_sha256,narrative_longest_match,narrative_coverage_6plus,metadata_longest_match,jaccard_5,jaccard_7,jaccard_11
arxiv-121,generated,d3a694eff94f3b4b16cb0b402152cc9c29d7beea9452d1d41f2e94d279cf97fc,10,0.06421356421356421,13,0.00914219023536277,0.0021484375,0.0
arxiv-126,generated,1930d76ba55aeb0001455f2343b31339a7ebd4c1eaa1881c3cc97bef9f4572d8,11,0.06196213425129088,11,0.006363191385217817,0.003458498023715415,0.0004995004995004995
arxiv-107,generated,0cd232f1e6f19c1c792956fba6b6706d8bea94915ea3ed46590d6db698f415ec,9,0.04904632152588556,12,0.010412494993992792,0.002317497103128621,0.0
arxiv-102,generated,0c59df13d1c8367c898c64adf0337dbe33ef3a348ba4acfd31151d353d722102,8,0.056790123456790124,6,0.007410021171489062,0.0014089468122578373,0.0
arxiv-136,generated,675c74bc3e304a4e6d1d06fd23fa795e5096b7bc80ba498817dfc0d663e7a07e,11,0.24545454545454545,7,0.03348937702556716,0.012621709340064912,0.0003667033370003667
arxiv-149,generated,f45fbb1a667f04eaf047241d43a42805720ec0b274912115cad01d051ceff4d0,8,0.09281678773204197,6,0.01212571145756001,0.0032043381809218636,0.0
arxiv-105,generated,a5125841febadab67901bd0b1697be29074d729a764def41ec6ee04627b65c60,11,0.10348706411698538,11,0.016589506172839507,0.005475166210402816,0.0003990422984836393
arxiv-115,generated,42a1ca2ea10daa973bd16846721085d97a9ffe654e95422012ca5159ba4e4b5d,13,0.09265536723163842,11,0.01156737998843262,0.006934412019647501,0.001452643811737362
arxiv-109,generated,efc50660ddd10578ac93db24ab78998d80637d2a0e59f77a07d910d3fc627bd3,16,0.12051868802440885,16,0.014944275582573455,0.005104645227156712,0.0015519917227108122
arxiv-140,generated,60d9760b31c6d22c99e9bd030affca4a6c991004c5b68c4be05b0afcb39308d4,14,0.08903133903133903,6,0.014666938276634752,0.00594140544970293,0.0018718801996672214
arxiv-10033,generated,0ab4201a9ac28ed2854d07b9664a6dbb22ed10afdbb21ce3e4e96927a50d1667,9,0.09731232622798888,9,0.007116499736425936,0.0013199577613516368,0.0
arxiv-10019,generated,e417f9d8113e4f9e3d4d71d407c61db9b570026bd9f7b6668fc1e8c16d596cf1,11,0.07340116279069768,10,0.009077780070146483,0.0035416666666666665,0.00021204410517387616
arxiv-10021,generated,45486df054ce4e8cb8f4e3990eef1766b9bdc7b2e85e15db69e9ddb8f396c118,9,0.06390449438202248,9,0.008800370541917554,0.0023375409069658717,0.0
arxiv-10024,generated,53e0b1725cb5a75993acc2d9a053ebfbccabab6198d7da1c710d31441855428c,9,0.059332509270704575,9,0.009165613147914033,0.0019169329073482429,0.0
arxiv-10047,generated,d9ebb43f108cf77cf2a314ef4344f7dc8ec16aed525065dc3c64ebe64506ee96,8,0.09031413612565445,4,0.012445341405987218,0.0026845637583892616,0.0
arxiv-10038,generated,24a37c6b6db0ee62ff090f572c9194655408da9a292e549fdc74619fc8b81100,8,0.054310344827586204,6,0.006289308176100629,0.0006647462884998893,0.0
arxiv-10037,generated,4742c32509e14797f67241eafe278edcd5977dac8bc1a7f17e82b40cfc01c37c,12,0.10490111779879621,12,0.017371013741249677,0.006802721088435374,0.000534045393858478
arxiv-10035,generated,576e1d1a7a5d04977a3ea5472092f893edc8b9cd3f962da42c568548c54287e9,9,0.092560553633218,9,0.01372299872935197,0.003457643862682144,0.0
arxiv-10023,generated,2e0938c2a41926f92e2466e0544b029849f927591ee0d8767ffd9ecbc103db18,14,0.0746031746031746,5,0.011742100768573868,0.004666949512091642,0.0010683760683760685
arxiv-10040,generated,82667fc126300ebcdfcd41e1d482add7d0306db9ccf1f24ee5893398882f0f5d,12,0.08409090909090909,6,0.010416666666666666,0.0038507109004739335,0.0005991611743559018
arxiv-100022,generated,849f8fb357f0e0f5725b4fadd1192d05ee4562e6f85d70db7fe0c514b144989b,10,0.09559372666168783,11,0.01720647773279352,0.005166623611469905,0.0
arxiv-100005,generated,c99c8ef8d540f2442ee1cc38b65eb306ffc9147b2f33ae5af536c20bbfcef5df,9,0.0781831720029784,19,0.014374700527072353,0.00357824427480916,0.0
arxiv-100002,generated,48161c34c18da95667d55f6acd365bca2bfb5ca5f2e07486f24e2b5e80788de4,14,0.14223002633889376,14,0.016145833333333335,0.004919730709476955,0.0010504201680672268
arxiv-100013,generated,a09d3a64f663c1d4bba2d15747baec32ba117644925ac104850214037c68ac77,8,0.0774869109947644,6,0.012671594508975714,0.0020942408376963353,0.0
arxiv-100003,generated,98ecac623691281924734347b65ae77ea7b06a53e2f3e0ef1c2288b0401412d2,9,0.0361247947454844,11,0.005609573672400898,0.001484230055658627,0.0
arxiv-100028,generated,df0eed742fa165138e0bd4fa631c1a11933277b0bf57cf1ae9e4f5e3128c0688,10,0.18736141906873613,5,0.015972767740246138,0.005958549222797927,0.0
arxiv-100047,generated,5008943785a879dff3b825b0b1f76d681e559f718a5a5cf88b79d1fdc8ef85a9,14,0.14243759177679882,14,0.017591339648173207,0.0071301247771836,0.0017969451931716084
arxiv-100029,generated,805aff9ab8daa1e0ba72c8611b3a1cf73e83cdcc2507cb1cf9b8cceb3ca4bc50,9,0.08785175017158545,5,0.01328397212543554,0.004151190736290146,0.0
arxiv-100009,generated,50c1e8ac081aeeac1db401611a6a7ad2dd62bb1a91d0f5826fc0e5a99c9806f5,16,0.17551234892275355,12,0.0265876052027544,0.01035586518546413,0.0023103581055063534
arxiv-100036,generated,92aae2b55db58f528280e5898ac540696eb179c2f5db27eed035ef6775edb4e4,13,0.08061749571183534,10,0.005188067444876783,0.0028863815271582263,0.0008025682182985554
arxiv-500031,generated,26128d1d0622a6266f5a2de1b96b53a1f15de0e79b2ece9f0dbb18fa2e1aecaa,8,0.08166969147005444,6,0.009354761333653155,0.002165543792107796,0.0
arxiv-500027,generated,b665fc66e1cb91a50fcc5a4ed005b97e5e1f1e8b98558ac2502d4cfc41ac193f,10,0.04930966469428008,7,0.011254019292604502,0.0026289845547157412,0.0
arxiv-500010,generated,a3e79e376c3caf7997a3ef0aec9fc03cc1cdcf5886a5fa5887fc80a022b0b1ef,12,0.11035818005808325,8,0.0162748643761302,0.006428387760349704,0.0005184033177812338
arxiv-500028,generated,081560f8dd75126479ea817a0aad4ef1f7c90b9becafc12485cc1ef16eb40dc7,10,0.042212518195050945,12,0.007731389441130992,0.0022158209616662972,0.0
arxiv-500009,generated,21535e0a8bab103ef820a0175907f93de3d4252149ec393b8005af9d8050e457,18,0.12087912087912088,11,0.018474656560871626,0.01,0.0038507821901323704
arxiv-500000,generated,6912cbedf8f04208025ba08266b821d48303208ffaece7c2b95c447a34e58896,13,0.06540795684423466,9,0.015248618784530387,0.006490696668109044,0.0010831889081455806
arxiv-500043,generated,5395e7bceb485d4a9d02119c58850809aa9a6b719e5777744ca5bd0dcbacbc79,11,0.06538796861377506,4,0.009923840295407339,0.0033952014486192846,0.00022815423226100844
arxiv-500047,generated,fcff490a64b2456f6c33424fb8d3c475d4f6fb19c9718bdd608d8cb06844c31b,10,0.09937402190923318,9,0.012934131736526947,0.004590480792461948,0.0
arxiv-500036,generated,29d9c187ebc8397560f4d9b30bccb3efe0ad2e824bcda7cc6ea9d1dde565d8a6,9,0.051831375259156875,9,0.004799301919720768,0.0014944491887275832,0.0
arxiv-500030,generated,b5889e3e8fb1883fb09a26e1e0a3c1857839a889bd31c95b9c3e95a930a8c804,13,0.08766233766233766,7,0.0148664343786295,0.005301982480405717,0.0011566042100393246
arxiv-1000004,generated,17d72cf5012a446db91cee13599eb989610d1f655e1baf57d7fb98691bd0f20f,13,0.12416107382550336,12,0.017153748411689963,0.0067178502879078695,0.0009878169245966415
arxiv-1000037,generated,755fec684fcd75ff65b30b7913aa52f89c97f586ad8268ada81e9061329c82ad,18,0.09331084879145587,9,0.015815959741193385,0.006738783472246853,0.0019674476837774997
arxiv-1000013,generated,5883b007b76782e8c6cf78987394168c6022487c81122a403f4a2b4ca8940ca7,15,0.11729957805907174,7,0.013513513513513514,0.004697592483852026,0.0009771350400625367
arxiv-1000041,generated,83257df2ae2813b5e8b11ee8aafef662ef858be938ea333bae7f7e44fcd56b78,9,0.08118556701030928,7,0.014029618082618862,0.0035074045206547155,0.0
arxiv-1000016,generated,895157f678d1f98628533078c0ff15f6dfccc12ebb1d01affd68efeb091022b8,10,0.0720164609053498,6,0.009428403064230996,0.0028793550244745176,0.0
arxiv-1000035,generated,1f0cd82fa179996cf6211f5cafa614d12406a9b9ad999aea9e5c982c6e9ebd7a,9,0.076158940397351,4,0.01119194180190263,0.003339827442248817,0.0
arxiv-1000024,generated,599bf9c0cb59667f6e1d97602cff49892b150a1a768b407d89b5a4a15d83b103,15,0.12536231884057972,11,0.016601983613626563,0.0058378378378378375,0.0017570832418185812
arxiv-1000038,generated,1d94ea2f41736241eee87a5cf9912c731985b0db95c2bd110a04f9caee97a949,10,0.09815950920245399,10,0.01076762764848906,0.004195804195804196,0.0
arxiv-1000040,generated,a673a3a82861713ab0ba826f13508772952a2099f33c04c2a149062ac687db61,12,0.07973856209150326,9,0.012593467138921684,0.005136309758988542,0.0008009611533840609
arxiv-1000021,generated,bbd7b9c7bf14b8204fd51f7d0ec0ffb2c6fd246c6f7e3fb9721251f0aec47019,15,0.09933774834437085,7,0.015241320914479255,0.006811409110259685,0.0017301038062283738
bethgelab-125,generated,a313ac394757590d277b3d77643cb08a1e94d16cda563a2bc487e49d750aa0d1,10,0.06774394033561218,17,0.012537917087967644,0.0026257321753181176,0.0
bethgelab-102,generated,1b3d72a8d054071cfc4bad937f01f5f0897ced27d1c4395ad1998a289462c389,9,0.09259259259259259,8,0.014464425332290852,0.0027580772261623326,0.0
bethgelab-108,generated,8382aaa516e833b298550d2e4d635f2b9fe7fb3e7ef6f38443f47fa7701ecb8f,7,0.036996735582154515,11,0.007874015748031496,0.0015048908954100827,0.0
bethgelab-116,generated,3d4b94daaf8192a969e7bcbe5118f4693b483bd98733e657e1665b619f32809f,9,0.10437109723461195,13,0.017975402081362345,0.004434589800443459,0.0
bethgelab-128,generated,1a480e5fcb0ae03c15bc9631db3dd30b1acc16364655c063171f180297692852,12,0.12402597402597403,11,0.019403347077370847,0.008405438813349814,0.0007566204287515763
bethgelab-146,generated,652ad4ed5affc62698e2c395d4c32c9181dc6c617e96278277aef11508225f9a,14,0.0873850197109067,12,0.011960381237151934,0.004326561324303988,0.0007664303506418854
bethgelab-112,generated,fd503644a165f9bc44ed1d8e0b01741c9a7a31567f0ed9ff46878c83c3d718d7,9,0.05420991926182238,13,0.005930318754633061,0.0012348728081007657,0.0
bethgelab-142,generated,830533425e592db6ae69cda4bfdb7398a3102bbfa4953317c0543f0bf6970206,8,0.06501095690284879,10,0.013360739979445015,0.0028630921395106715,0.0
bethgelab-122,generated,bd6e5c628a12f9f4d83f4e3b0b6cb632a31e625a05a4d8ed7cd768b4fc24bd0e,8,0.04848046309696093,11,0.007920792079207921,0.001550044286979628,0.0
bethgelab-105,generated,d1ec0b551238dc7b332ba8c3fe0cb88f73a421e70e4d348a65a49b63bf7de3bb,10,0.07667386609071274,15,0.013782051282051282,0.003517748640869843,0.0
bethgelab-10033,generated,a58b679a718676aea497bc154517ef17871f3042d404c64fabe61cd28da57afc,8,0.07201309328968904,18,0.008255933952528379,0.0010224948875255625,0.0
bethgelab-10019,generated,3fab7067baa7f63946ebe47561ff1d1ce3e60d0971119fc5f58ab5c877f3b5c9,7,0.08058608058608059,20,0.0055577610162763,0.0003972983710766786,0.0
bethgelab-10028,generated,9ddc1a36ea8172f808bf6608f3c41614f8c1a4ec2635523217fd26b9377a546a,12,0.037064492216456635,19,0.0068415051311288486,0.0022836263987211693,0.00046189376443418013
bethgelab-10021,generated,2446e0dd5be16da1204fedf141879b6bdebf78065b128fc9678b60c6503d9536,24,0.21074727120067172,24,0.016724336793540944,0.008435136707388016,0.004123711340206186
bethgelab-10004,generated,532e636d9c400b73e899230f07b83f2e3d63e833cdff05dfcaf20da104624d78,10,0.12438625204582651,8,0.017639077340569877,0.0054525627044711015,0.0
bethgelab-10047,generated,f0be139b8205277b5f62dc4345c48427d0280afe402b478627635231c0a90071,8,0.10362694300518134,12,0.015219842164599774,0.003403289846851957,0.0
bethgelab-10013,generated,e463ec5d1757c1fef5033ed44eafb650345ebd9f4b11f8f485ea18b3146d9bc9,10,0.13022700119474312,7,0.014160485502360081,0.004744154523890207,0.0
bethgelab-10038,generated,239b0964b4ee281617cec4a7344b292c5dd05cdc1e07db933a2e9df7fecd52fb,13,0.1513872135102533,10,0.02581464240372408,0.010051325919589392,0.0013218770654329147
bethgelab-10000,generated,7fcd8ad1ec13aa789ceccd25ade8944690a8825a63727038dada658417498a13,11,0.045454545454545456,12,0.007890122735242549,0.00205761316872428,0.0002983293556085919
bethgelab-10003,generated,e7cd528ba416b11b6aab2a6fd81b6328a5833daeb921827420f580cb236ca865,11,0.10443349753694581,14,0.019588953114964676,0.0071151358344113845,0.0006548788474132286
bethgelab-50039,generated,de19c655db485aa34b7e3387b03aa09cf54da16447b5294399730fc5c45d9003,13,0.09267376330619913,13,0.02086677367576244,0.007645603777827749,0.0006737031214911295
bethgelab-50043,generated,1e2798147c40faee951910206bf47fa2d91c8860b90000f30454b227d6994df2,9,0.08097928436911488,12,0.011538461538461539,0.003391472868217054,0.0
bethgelab-50033,generated,bf799d730709e4d61998cf1d6c35cf9885ada8045ad414d9e196fb4bf044922a,9,0.10491803278688525,15,0.01354872329338197,0.003129890453834116,0.0
bethgelab-50037,generated,56b77fff220a3b085f018b829126cd45b79cd9032f37052faf9f086717e16629,11,0.027852650494159928,6,0.00601353044349787,0.0017645576002016637,0.00025464731347084286
bethgelab-50047,generated,9d6e795b20211d71799050c9282d0c0b9c3838aa8232d78b803accb410b2d33d,13,0.1902587519025875,17,0.03765194189149126,0.014379868184541641,0.0018529956763434219
bethgelab-50013,generated,5873692a5abcd2765669d5fab7979f848ab9682d042126b679e3e670e9745efa,20,0.12658227848101267,9,0.023920472196334266,0.01121844811467747,0.004706620646375902
bethgelab-50009,generated,fdf2c95a141e744682aad8f94ea8783a5514e7033960d29fa2961bf8be3a3068,13,0.10079413561392792,16,0.020872865275142316,0.00501312962520888,0.000731528895391368
bethgelab-50015,generated,0bf9b205e3a6d1c88f5d9b2acfe868ac55f05e758fba034533eae6c292c1adee,9,0.11081081081081082,14,0.011152416356877323,0.0030978934324659233,0.0
bethgelab-50024,generated,74ce4c9a8bb66ed76aa0bcf2719b37c2f45118dfc537ed9a1a7429457fac9b78,11,0.09603072983354674,15,0.018209408194233688,0.005864354920958694,0.00025806451612903227
bethgelab-50028,generated,67b0f14459545eb0cb90ba33ad7dd4e3e7288a9289fa58f9000ee9ffb9d945e1,8,0.07142857142857142,12,0.013462202278218847,0.001736111111111111,0.0
bethgelab-100037,generated,475da814ff8aee7689b47bcfab425741f38e34a74e4e6dbfca2d6ed825526487,10,0.08142493638676845,29,0.013943699026571955,0.0047872340425531915,0.0
bethgelab-100048,generated,894ece07744c3dff9486aad1b6536dbe0bef2872acbdf6fa5c7a027af65b2b72,12,0.09415262636273539,13,0.015535827520608751,0.005436520626798848,0.0006499837504062399
bethgelab-100002,generated,9cfd749620877169e7af30ce0e929738eab4d6b0c917acbbc6b9983017bb5044,10,0.08900999091734786,11,0.016174686615446826,0.0056933712891419274,0.0
bethgelab-100001,generated,1dad06f32bca0d6bab2e043a9a5f11a944b26effd7412130afeace3d9f30574c,9,0.053910402429764616,18,0.009639776763064434,0.0012655024044545685,0.0
bethgelab-100003,generated,191f8cffbe90985061b6946db049ff8f556f014bb0268187a365732f60fc01eb,13,0.1306277742549144,18,0.02705361534677816,0.01088839396189062,0.0012496875781054736
bethgelab-100040,generated,baacd8ccf76122818d147f4282a2a0720bbbbe1b1352bdfd10d8d2a97abbf7f0,10,0.07624309392265194,10,0.012770485987938986,0.003256150506512301,0.0
bethgelab-100027,generated,d0a94ffc1733d8e398e0d039e28cff7e4b6cb5d0c12246b1bea4712d3ea0c6ac,14,0.11748998664886515,14,0.011533532678342588,0.004304778303917348,0.0017467248908296944
bethgelab-100026,generated,76809edc3a81a1b01bf93be36eb56d891fdab656023bbf75ddf1a39e60d592f2,15,0.09799291617473435,15,0.015787705744037622,0.0056932350971198925,0.0016818028927009755
bethgelab-100015,generated,b2c521e823368d1812a8d64440899ae15551afa85a6d1109d734898ee3b5a08f,11,0.09888357256778309,14,0.01698859669536886,0.006558913094401499,0.00023668639053254438
bethgelab-200048,generated,868744c1a1f5d91dd97bfb5ee1697b8b7bfdd53298d0e513d7c45b76472ec6d7,18,0.24683162341581172,25,0.02833886041603859,0.010444643390032825,0.0024031240612796636
bethgelab-200024,generated,88a116c99d1eea1a867a05ba40ecabf52cfe821203f2034181a21d74d59d63c8,14,0.08288770053475936,13,0.019875292283710055,0.009844755774327906,0.0022615906520919715
bethgelab-200047,generated,f4bd42a8da057cea05f258f7ffd5ed924b47d6381a7e6b2b4a5a5795c6c9aaba,13,0.09948542024013722,13,0.008009492732126965,0.0023591860808021233,0.0008857395925597874
bethgelab-200042,generated,a995598c9dc8909ce7b487753c1ee613113c93393e7f9297e629c21751490704,17,0.19148936170212766,17,0.02524190155658393,0.01433994095318431,0.004694835680751174
bethgelab-200004,generated,d7535eed5d733ab833691ced999c404380d4967457d1ed8b9198f1296b8dab6f,6,0.09171974522292993,8,0.0041876046901172526,0.0,0.0
bethgelab-200021,generated,aa7c3ced0095dfd12cb4e186f48684b79bc4bba351a31f42602b16e434d00d21,11,0.09124767225325885,14,0.014660493827160493,0.005162622612287042,0.00026021337496747333
bethgelab-200016,generated,218b16eeb02da5827f5c0724d2d42f966ee250105fe6b2da4daabaee84f52ef5,11,0.13112033195020747,15,0.01944074567243675,0.006650704974727321,0.000535475234270415
bethgelab-200019,generated,e049827f21769b52fbc4a147774761c10e8dbacc20474376debb2a0a64b649d5,18,0.0636998254799302,19,0.013892826764956054,0.005416191562143672,0.0023001725129384704
