model,document_id,phase,review_failed,verdict,issues,missing_central_facts,factual_accuracy,coverage,clarity,faithfulness,scientific_precision
gemma4_e4b,arxiv-1000004,raw,True,unavailable,0,0,,,,,
gemma4_e4b,arxiv-1000004,corrected,True,unavailable,0,0,,,,,
gemma4_e4b,arxiv-1000013,raw,True,unavailable,0,0,,,,,
gemma4_e4b,arxiv-1000013,corrected,True,unavailable,0,0,,,,,
gemma4_e4b,arxiv-1000016,raw,True,unavailable,0,0,,,,,
gemma4_e4b,arxiv-1000016,corrected,True,unavailable,0,0,,,,,
gemma4_e4b,arxiv-100002,raw,True,unavailable,0,0,,,,,
gemma4_e4b,arxiv-100002,corrected,True,unavailable,0,0,,,,,
gemma4_e4b,arxiv-1000021,raw,True,unavailable,0,0,,,,,
gemma4_e4b,arxiv-1000021,corrected,True,unavailable,0,0,,,,,
gemma4_e4b,arxiv-1000024,raw,True,unavailable,0,0,,,,,
gemma4_e4b,arxiv-1000024,corrected,False,needs_correction,1,1,5,5,5,5,5
gemma4_e4b,arxiv-100003,raw,True,unavailable,0,0,,,,,
gemma4_e4b,arxiv-100003,corrected,True,unavailable,0,0,,,,,
gemma4_e4b,arxiv-1000035,raw,True,unavailable,0,0,,,,,
gemma4_e4b,arxiv-1000035,corrected,False,needs_correction,1,1,5,5,5,5,5
gemma4_e4b,arxiv-1000037,raw,True,unavailable,0,0,,,,,
gemma4_e4b,arxiv-1000037,corrected,True,unavailable,0,0,,,,,
gemma4_e4b,arxiv-1000038,raw,False,needs_correction,1,1,5,5,5,5,5
gemma4_e4b,arxiv-1000038,corrected,True,unavailable,0,0,,,,,
gemma4_e4b,arxiv-1000040,raw,False,needs_correction,2,1,5,5,5,5,5
gemma4_e4b,arxiv-1000040,corrected,False,needs_correction,1,1,5,5,5,5,5
gemma4_e4b,arxiv-1000041,raw,False,needs_correction,3,1,5,5,5,5,5
gemma4_e4b,arxiv-1000041,corrected,True,unavailable,0,0,,,,,
gemma4_e4b,arxiv-100005,raw,True,unavailable,0,0,,,,,
gemma4_e4b,arxiv-100005,corrected,False,needs_correction,1,1,5,5,5,5,5
gemma4_e4b,arxiv-100009,raw,True,unavailable,0,0,,,,,
gemma4_e4b,arxiv-100009,corrected,True,unavailable,0,0,,,,,
gemma4_e4b,arxiv-100013,raw,True,unavailable,0,0,,,,,
gemma4_e4b,arxiv-100013,corrected,False,needs_correction,2,1,5,5,5,5,5
gemma4_e4b,arxiv-100022,raw,True,unavailable,0,0,,,,,
gemma4_e4b,arxiv-100022,corrected,False,needs_correction,2,1,5,5,5,5,5
gemma4_e4b,arxiv-100028,raw,True,unavailable,0,0,,,,,
gemma4_e4b,arxiv-100028,corrected,True,unavailable,0,0,,,,,
gemma4_e4b,arxiv-100029,raw,True,unavailable,0,0,,,,,
gemma4_e4b,arxiv-100029,corrected,True,unavailable,0,0,,,,,
gemma4_e4b,arxiv-100036,raw,True,unavailable,0,0,,,,,
gemma4_e4b,arxiv-100036,corrected,True,unavailable,0,0,,,,,
gemma4_e4b,arxiv-100047,raw,True,unavailable,0,0,,,,,
gemma4_e4b,arxiv-100047,corrected,True,unavailable,0,0,,,,,
gemma4_e4b,arxiv-10019,raw,True,unavailable,0,0,,,,,
gemma4_e4b,arxiv-10019,corrected,True,unavailable,0,0,,,,,
gemma4_e4b,arxiv-10021,raw,True,unavailable,0,0,,,,,
gemma4_e4b,arxiv-10021,corrected,True,unavailable,0,0,,,,,
gemma4_e4b,arxiv-10023,raw,True,unavailable,0,0,,,,,
gemma4_e4b,arxiv-10023,corrected,True,unavailable,0,0,,,,,
gemma4_e4b,arxiv-10024,raw,True,unavailable,0,0,,,,,
gemma4_e4b,arxiv-10024,corrected,True,unavailable,0,0,,,,,
gemma4_e4b,arxiv-10033,raw,True,unavailable,0,0,,,,,
gemma4_e4b,arxiv-10033,corrected,True,unavailable,0,0,,,,,
gemma4_e4b,arxiv-10035,raw,True,unavailable,0,0,,,,,
gemma4_e4b,arxiv-10035,corrected,True,unavailable,0,0,,,,,
gemma4_e4b,arxiv-10037,raw,False,needs_correction,2,1,5,5,5,5,5
gemma4_e4b,arxiv-10037,corrected,False,needs_correction,2,1,4,4,5,4,4
gemma4_e4b,arxiv-10038,raw,True,unavailable,0,0,,,,,
gemma4_e4b,arxiv-10038,corrected,True,unavailable,0,0,,,,,
gemma4_e4b,arxiv-10040,raw,True,unavailable,0,0,,,,,
gemma4_e4b,arxiv-10040,corrected,True,unavailable,0,0,,,,,
gemma4_e4b,arxiv-10047,raw,True,unavailable,0,0,,,,,
gemma4_e4b,arxiv-10047,corrected,True,unavailable,0,0,,,,,
gemma4_e4b,arxiv-102,raw,True,unavailable,0,0,,,,,
gemma4_e4b,arxiv-102,corrected,True,unavailable,0,0,,,,,
gemma4_e4b,arxiv-105,raw,True,unavailable,0,0,,,,,
gemma4_e4b,arxiv-105,corrected,True,unavailable,0,0,,,,,
gemma4_e4b,arxiv-107,raw,True,unavailable,0,0,,,,,
gemma4_e4b,arxiv-107,corrected,True,unavailable,0,0,,,,,
gemma4_e4b,arxiv-109,raw,True,unavailable,0,0,,,,,
gemma4_e4b,arxiv-109,corrected,True,unavailable,0,0,,,,,
gemma4_e4b,arxiv-115,raw,True,unavailable,0,0,,,,,
gemma4_e4b,arxiv-115,corrected,True,unavailable,0,0,,,,,
gemma4_e4b,arxiv-121,raw,True,unavailable,0,0,,,,,
gemma4_e4b,arxiv-121,corrected,True,unavailable,0,0,,,,,
gemma4_e4b,arxiv-126,raw,True,unavailable,0,0,,,,,
gemma4_e4b,arxiv-126,corrected,True,unavailable,0,0,,,,,
gemma4_e4b,arxiv-136,raw,True,unavailable,0,0,,,,,
gemma4_e4b,arxiv-136,corrected,True,unavailable,0,0,,,,,
gemma4_e4b,arxiv-140,raw,True,unavailable,0,0,,,,,
gemma4_e4b,arxiv-140,corrected,True,unavailable,0,0,,,,,
gemma4_e4b,arxiv-149,raw,True,unavailable,0,0,,,,,
gemma4_e4b,arxiv-149,corrected,True,unavailable,0,0,,,,,
gemma4_e4b,arxiv-500000,raw,False,needs_correction,1,1,5,5,5,5,5
gemma4_e4b,arxiv-500000,corrected,False,needs_correction,1,1,5,5,5,5,5
gemma4_e4b,arxiv-500009,raw,True,unavailable,0,0,,,,,
gemma4_e4b,arxiv-500009,corrected,True,unavailable,0,0,,,,,
gemma4_e4b,arxiv-500010,raw,True,unavailable,0,0,,,,,
gemma4_e4b,arxiv-500010,corrected,True,unavailable,0,0,,,,,
gemma4_e4b,arxiv-500027,raw,True,unavailable,0,0,,,,,
gemma4_e4b,arxiv-500027,corrected,True,unavailable,0,0,,,,,
gemma4_e4b,arxiv-500028,raw,True,unavailable,0,0,,,,,
gemma4_e4b,arxiv-500028,corrected,True,unavailable,0,0,,,,,
gemma4_e4b,arxiv-500030,raw,True,unavailable,0,0,,,,,
gemma4_e4b,arxiv-500030,corrected,True,unavailable,0,0,,,,,
gemma4_e4b,arxiv-500031,raw,True,unavailable,0,0,,,,,
gemma4_e4b,arxiv-500031,corrected,True,unavailable,0,0,,,,,
gemma4_e4b,arxiv-500036,raw,True,unavailable,0,0,,,,,
gemma4_e4b,arxiv-500036,corrected,True,unavailable,0,0,,,,,
gemma4_e4b,arxiv-500043,raw,False,needs_correction,1,2,5,5,5,5,5
gemma4_e4b,arxiv-500043,corrected,False,needs_correction,2,1,5,5,5,5,5
gemma4_e4b,arxiv-500047,raw,False,needs_correction,3,1,4,4,5,4,4
gemma4_e4b,arxiv-500047,corrected,False,needs_correction,1,1,4,4,5,4,4
gemma4_e4b,bethgelab-10000,raw,True,unavailable,0,0,,,,,
gemma4_e4b,bethgelab-10000,corrected,False,needs_correction,1,1,5,5,5,5,5
gemma4_e4b,bethgelab-100001,raw,False,needs_correction,1,1,5,5,5,5,5
gemma4_e4b,bethgelab-100001,corrected,False,needs_correction,1,1,5,5,5,5,5
gemma4_e4b,bethgelab-100002,raw,False,needs_correction,1,1,5,5,5,5,4
gemma4_e4b,bethgelab-100002,corrected,False,needs_correction,2,1,5,5,5,5,5
gemma4_e4b,bethgelab-100003,raw,False,needs_correction,1,1,5,5,5,5,5
gemma4_e4b,bethgelab-100003,corrected,False,needs_correction,2,1,5,5,5,5,5
gemma4_e4b,bethgelab-100015,raw,False,needs_correction,1,1,5,5,5,5,5
gemma4_e4b,bethgelab-100015,corrected,False,needs_correction,1,1,5,5,5,5,5
gemma4_e4b,bethgelab-100026,raw,False,needs_correction,1,1,5,5,4,5,5
gemma4_e4b,bethgelab-100026,corrected,False,needs_correction,2,1,4,4,5,4,4
gemma4_e4b,bethgelab-100027,raw,False,needs_correction,2,1,5,5,5,5,5
gemma4_e4b,bethgelab-100027,corrected,False,needs_correction,2,1,5,5,5,5,5
gemma4_e4b,bethgelab-10003,raw,False,needs_correction,1,1,5,5,5,5,5
gemma4_e4b,bethgelab-10003,corrected,False,needs_correction,1,1,5,5,5,5,5
gemma4_e4b,bethgelab-100037,raw,True,unavailable,0,0,,,,,
gemma4_e4b,bethgelab-100037,corrected,False,needs_correction,1,1,5,5,5,5,5
gemma4_e4b,bethgelab-10004,raw,True,unavailable,0,0,,,,,
gemma4_e4b,bethgelab-10004,corrected,True,unavailable,0,0,,,,,
gemma4_e4b,bethgelab-100040,raw,False,needs_correction,1,1,5,5,5,5,5
gemma4_e4b,bethgelab-100040,corrected,False,needs_correction,1,1,5,5,5,5,5
gemma4_e4b,bethgelab-100048,raw,False,needs_correction,2,1,5,5,5,5,5
gemma4_e4b,bethgelab-100048,corrected,True,unavailable,0,0,,,,,
gemma4_e4b,bethgelab-10013,raw,False,needs_correction,1,1,5,5,5,5,5
gemma4_e4b,bethgelab-10013,corrected,False,needs_correction,2,1,5,5,5,5,5
gemma4_e4b,bethgelab-10019,raw,False,needs_correction,1,1,5,5,5,5,5
gemma4_e4b,bethgelab-10019,corrected,False,needs_correction,3,1,5,5,5,5,5
gemma4_e4b,bethgelab-10021,raw,False,needs_correction,1,1,5,5,5,5,5
gemma4_e4b,bethgelab-10021,corrected,False,needs_correction,1,1,5,5,5,5,5
gemma4_e4b,bethgelab-10028,raw,False,needs_correction,2,1,5,5,5,5,5
gemma4_e4b,bethgelab-10028,corrected,True,unavailable,0,0,,,,,
gemma4_e4b,bethgelab-10033,raw,False,needs_correction,1,1,5,5,5,5,5
gemma4_e4b,bethgelab-10033,corrected,False,needs_correction,2,1,5,5,5,5,5
gemma4_e4b,bethgelab-10038,raw,True,unavailable,0,0,,,,,
gemma4_e4b,bethgelab-10038,corrected,False,needs_correction,2,1,5,5,5,5,5
gemma4_e4b,bethgelab-10047,raw,False,needs_correction,1,1,5,5,5,5,5
gemma4_e4b,bethgelab-10047,corrected,False,needs_correction,2,2,5,5,5,5,5
gemma4_e4b,bethgelab-102,raw,False,needs_correction,1,1,5,5,5,5,5
gemma4_e4b,bethgelab-102,corrected,False,needs_correction,2,2,5,5,5,5,5
gemma4_e4b,bethgelab-105,raw,True,unavailable,0,0,,,,,
gemma4_e4b,bethgelab-105,corrected,False,needs_correction,2,1,5,5,5,5,5
gemma4_e4b,bethgelab-108,raw,False,needs_correction,1,1,5,5,5,5,5
gemma4_e4b,bethgelab-108,corrected,False,needs_correction,1,1,5,5,5,5,5
gemma4_e4b,bethgelab-112,raw,True,unavailable,0,0,,,,,
gemma4_e4b,bethgelab-112,corrected,False,needs_correction,2,1,5,5,5,5,5
gemma4_e4b,bethgelab-116,raw,True,unavailable,0,0,,,,,
gemma4_e4b,bethgelab-116,corrected,True,unavailable,0,0,,,,,
gemma4_e4b,bethgelab-122,raw,False,needs_correction,2,1,5,5,5,5,5
gemma4_e4b,bethgelab-122,corrected,False,needs_correction,3,1,4,4,5,4,4
gemma4_e4b,bethgelab-125,raw,True,unavailable,0,0,,,,,
gemma4_e4b,bethgelab-125,corrected,False,needs_correction,2,1,5,5,5,5,5
gemma4_e4b,bethgelab-128,raw,True,unavailable,0,0,,,,,
gemma4_e4b,bethgelab-128,corrected,True,unavailable,0,0,,,,,
gemma4_e4b,bethgelab-142,raw,False,needs_correction,1,1,5,5,5,5,5
gemma4_e4b,bethgelab-142,corrected,False,needs_correction,1,1,5,5,5,5,5
gemma4_e4b,bethgelab-146,raw,False,needs_correction,1,1,5,5,5,5,5
gemma4_e4b,bethgelab-146,corrected,False,needs_correction,2,1,5,5,5,5,5
gemma4_e4b,bethgelab-200004,raw,False,needs_correction,1,1,5,5,5,5,5
gemma4_e4b,bethgelab-200004,corrected,False,needs_correction,2,1,5,5,5,5,5
gemma4_e4b,bethgelab-200016,raw,False,needs_correction,1,1,5,5,5,5,5
gemma4_e4b,bethgelab-200016,corrected,False,needs_correction,3,1,5,5,5,5,5
gemma4_e4b,bethgelab-200019,raw,False,needs_correction,1,1,5,5,5,5,5
gemma4_e4b,bethgelab-200019,corrected,False,needs_correction,2,1,5,5,5,5,5
gemma4_e4b,bethgelab-200021,raw,False,needs_correction,2,1,5,5,5,5,5
gemma4_e4b,bethgelab-200021,corrected,False,needs_correction,2,1,5,5,5,5,5
gemma4_e4b,bethgelab-200024,raw,False,needs_correction,1,1,5,5,5,5,5
gemma4_e4b,bethgelab-200024,corrected,False,needs_correction,1,1,5,5,5,5,5
gemma4_e4b,bethgelab-200042,raw,True,unavailable,0,0,,,,,
gemma4_e4b,bethgelab-200042,corrected,True,unavailable,0,0,,,,,
gemma4_e4b,bethgelab-200047,raw,True,unavailable,0,0,,,,,
gemma4_e4b,bethgelab-200047,corrected,False,needs_correction,2,1,4,4,5,4,4
gemma4_e4b,bethgelab-200048,raw,False,needs_correction,1,1,5,4,5,5,4
gemma4_e4b,bethgelab-200048,corrected,False,needs_correction,1,2,5,4,5,5,4
gemma4_e4b,bethgelab-50009,raw,False,needs_correction,1,1,5,5,5,5,5
gemma4_e4b,bethgelab-50009,corrected,False,needs_correction,1,1,5,5,5,5,5
gemma4_e4b,bethgelab-50013,raw,False,needs_correction,2,1,5,5,5,5,5
gemma4_e4b,bethgelab-50013,corrected,False,needs_correction,2,1,4,4,5,4,4
gemma4_e4b,bethgelab-50015,raw,False,needs_correction,2,1,4,4,5,4,4
gemma4_e4b,bethgelab-50015,corrected,False,needs_correction,2,2,4,4,5,4,4
gemma4_e4b,bethgelab-50024,raw,False,needs_correction,1,1,5,5,5,5,5
gemma4_e4b,bethgelab-50024,corrected,False,needs_correction,1,1,5,5,5,5,5
gemma4_e4b,bethgelab-50028,raw,True,unavailable,0,0,,,,,
gemma4_e4b,bethgelab-50028,corrected,False,needs_correction,1,1,5,5,5,5,5
gemma4_e4b,bethgelab-50033,raw,False,needs_correction,2,1,5,5,5,5,5
gemma4_e4b,bethgelab-50033,corrected,False,needs_correction,2,1,5,5,5,5,5
gemma4_e4b,bethgelab-50037,raw,False,needs_correction,1,1,5,5,5,5,5
gemma4_e4b,bethgelab-50037,corrected,False,needs_correction,2,1,5,5,5,5,5
gemma4_e4b,bethgelab-50039,raw,False,needs_correction,2,1,5,5,5,5,5
gemma4_e4b,bethgelab-50039,corrected,False,needs_correction,3,1,5,5,5,5,5
gemma4_e4b,bethgelab-50043,raw,False,needs_correction,1,1,5,5,5,5,5
gemma4_e4b,bethgelab-50043,corrected,False,needs_correction,3,1,5,5,5,5,5
gemma4_e4b,bethgelab-50047,raw,False,needs_correction,1,1,5,5,5,5,5
gemma4_e4b,bethgelab-50047,corrected,False,needs_correction,1,1,5,5,5,5,5
gemma4_12b,arxiv-1000004,raw,False,pass,0,0,5,5,5,5,5
gemma4_12b,arxiv-1000004,corrected,False,pass,0,0,5,5,5,5,5
gemma4_12b,arxiv-1000013,raw,False,pass,0,0,5,5,5,5,5
gemma4_12b,arxiv-1000013,corrected,False,pass,0,0,5,5,5,5,5
gemma4_12b,arxiv-1000016,raw,False,pass,0,0,5,5,5,5,5
gemma4_12b,arxiv-1000016,corrected,False,pass,0,0,5,5,5,5,5
gemma4_12b,arxiv-100002,raw,False,pass,0,0,5,5,5,5,5
gemma4_12b,arxiv-100002,corrected,False,pass,0,0,5,5,5,5,5
gemma4_12b,arxiv-1000021,raw,False,pass,0,0,5,5,5,5,5
gemma4_12b,arxiv-1000021,corrected,False,pass,0,0,5,5,5,5,5
gemma4_12b,arxiv-1000024,raw,False,pass,0,0,5,5,5,5,5
gemma4_12b,arxiv-1000024,corrected,False,pass,0,0,5,5,5,5,5
gemma4_12b,arxiv-100003,raw,False,pass,0,0,5,5,5,5,5
gemma4_12b,arxiv-100003,corrected,False,pass,0,0,5,5,5,5,5
gemma4_12b,arxiv-1000035,raw,False,pass,0,0,5,5,5,5,5
gemma4_12b,arxiv-1000035,corrected,False,pass,0,0,5,5,5,5,5
gemma4_12b,arxiv-1000037,raw,False,pass,0,0,5,5,5,5,5
gemma4_12b,arxiv-1000037,corrected,False,pass,0,0,5,5,5,5,5
gemma4_12b,arxiv-1000038,raw,False,pass,0,0,5,5,5,5,5
gemma4_12b,arxiv-1000038,corrected,False,pass,0,0,5,5,5,5,5
gemma4_12b,arxiv-1000040,raw,False,pass,0,0,5,5,5,5,5
gemma4_12b,arxiv-1000040,corrected,False,pass,0,0,5,5,5,5,5
gemma4_12b,arxiv-1000041,raw,False,pass,0,0,5,5,5,5,5
gemma4_12b,arxiv-1000041,corrected,False,pass,0,0,5,5,5,5,5
gemma4_12b,arxiv-100005,raw,True,unavailable,0,0,,,,,
gemma4_12b,arxiv-100005,corrected,False,pass,0,0,5,5,5,5,5
gemma4_12b,arxiv-100009,raw,False,pass,0,0,5,5,5,5,5
gemma4_12b,arxiv-100009,corrected,False,pass,0,0,5,5,5,5,5
gemma4_12b,arxiv-100013,raw,False,pass,0,0,5,5,5,5,5
gemma4_12b,arxiv-100013,corrected,False,pass,0,0,5,5,5,5,5
gemma4_12b,arxiv-100022,raw,False,pass,0,0,5,5,5,5,5
gemma4_12b,arxiv-100022,corrected,False,pass,0,0,5,5,5,5,5
gemma4_12b,arxiv-100028,raw,False,pass,0,0,5,5,5,5,5
gemma4_12b,arxiv-100028,corrected,False,pass,0,0,5,5,5,5,5
gemma4_12b,arxiv-100029,raw,False,pass,0,0,5,5,5,5,5
gemma4_12b,arxiv-100029,corrected,False,pass,0,0,5,5,5,5,5
gemma4_12b,arxiv-100036,raw,False,pass,0,0,5,5,5,5,5
gemma4_12b,arxiv-100036,corrected,False,pass,0,0,5,5,5,5,5
gemma4_12b,arxiv-100047,raw,False,pass,0,0,5,5,5,5,5
gemma4_12b,arxiv-100047,corrected,False,pass,0,0,5,5,5,5,5
gemma4_12b,arxiv-10019,raw,False,pass,0,0,5,5,5,5,5
gemma4_12b,arxiv-10019,corrected,False,pass,0,0,5,5,5,5,5
gemma4_12b,arxiv-10021,raw,False,pass,0,0,5,5,5,5,5
gemma4_12b,arxiv-10021,corrected,False,pass,0,0,5,5,5,5,5
gemma4_12b,arxiv-10023,raw,False,pass,0,0,5,5,5,5,5
gemma4_12b,arxiv-10023,corrected,False,pass,0,0,5,5,5,5,5
gemma4_12b,arxiv-10024,raw,False,pass,0,0,5,5,5,5,5
gemma4_12b,arxiv-10024,corrected,False,pass,0,0,5,5,5,5,5
gemma4_12b,arxiv-10033,raw,False,pass,0,0,5,5,5,5,5
gemma4_12b,arxiv-10033,corrected,False,pass,0,0,5,5,5,5,5
gemma4_12b,arxiv-10035,raw,False,pass,0,0,5,5,5,5,5
gemma4_12b,arxiv-10035,corrected,False,pass,0,0,5,5,5,5,5
gemma4_12b,arxiv-10037,raw,False,pass,0,0,5,5,5,5,5
gemma4_12b,arxiv-10037,corrected,False,pass,0,0,5,5,5,5,5
gemma4_12b,arxiv-10038,raw,False,pass,0,0,5,5,5,5,5
gemma4_12b,arxiv-10038,corrected,False,pass,0,0,5,5,5,5,5
gemma4_12b,arxiv-10040,raw,False,pass,0,0,5,5,5,5,5
gemma4_12b,arxiv-10040,corrected,False,pass,0,0,5,5,5,5,5
gemma4_12b,arxiv-10047,raw,False,pass,0,0,5,5,5,5,5
gemma4_12b,arxiv-10047,corrected,False,pass,0,0,5,5,5,5,5
gemma4_12b,arxiv-102,raw,False,pass,0,0,5,5,5,5,5
gemma4_12b,arxiv-102,corrected,False,pass,0,0,5,5,5,5,5
gemma4_12b,arxiv-105,raw,False,pass,0,0,5,5,5,5,5
gemma4_12b,arxiv-105,corrected,False,pass,0,0,5,5,5,5,5
gemma4_12b,arxiv-107,raw,False,pass,0,0,5,5,5,5,5
gemma4_12b,arxiv-107,corrected,False,pass,0,0,5,5,5,5,5
gemma4_12b,arxiv-109,raw,False,pass,0,0,5,5,5,5,5
gemma4_12b,arxiv-109,corrected,False,pass,0,0,5,5,5,5,5
gemma4_12b,arxiv-115,raw,False,pass,0,0,5,5,5,5,5
gemma4_12b,arxiv-115,corrected,False,pass,0,0,5,5,5,5,5
gemma4_12b,arxiv-121,raw,False,pass,0,0,5,5,5,5,5
gemma4_12b,arxiv-121,corrected,False,pass,0,0,5,5,5,5,5
gemma4_12b,arxiv-126,raw,False,pass,0,0,5,5,5,5,5
gemma4_12b,arxiv-126,corrected,False,pass,0,0,5,5,5,5,5
gemma4_12b,arxiv-136,raw,False,pass,0,0,5,5,5,5,5
gemma4_12b,arxiv-136,corrected,False,pass,0,0,5,5,5,5,5
gemma4_12b,arxiv-140,raw,False,pass,0,0,5,5,5,5,5
gemma4_12b,arxiv-140,corrected,False,pass,0,0,5,5,5,5,5
gemma4_12b,arxiv-149,raw,False,pass,0,0,5,5,5,5,5
gemma4_12b,arxiv-149,corrected,False,pass,0,0,5,5,5,5,5
gemma4_12b,arxiv-500000,raw,False,pass,0,0,5,5,5,5,5
gemma4_12b,arxiv-500000,corrected,False,pass,0,0,5,5,5,5,5
gemma4_12b,arxiv-500009,raw,False,pass,0,0,5,5,5,5,5
gemma4_12b,arxiv-500009,corrected,False,pass,0,0,5,5,5,5,5
gemma4_12b,arxiv-500010,raw,False,pass,0,0,5,5,5,5,5
gemma4_12b,arxiv-500010,corrected,False,pass,0,0,5,5,5,5,5
gemma4_12b,arxiv-500027,raw,False,pass,0,0,5,5,5,5,5
gemma4_12b,arxiv-500027,corrected,False,pass,0,0,5,5,5,5,5
gemma4_12b,arxiv-500028,raw,False,pass,0,0,5,5,5,5,5
gemma4_12b,arxiv-500028,corrected,False,pass,0,0,5,5,5,5,5
gemma4_12b,arxiv-500030,raw,False,pass,0,0,5,5,5,5,5
gemma4_12b,arxiv-500030,corrected,False,pass,0,0,5,5,5,5,5
gemma4_12b,arxiv-500031,raw,False,pass,0,0,5,5,5,5,5
gemma4_12b,arxiv-500031,corrected,False,pass,0,0,5,5,5,5,5
gemma4_12b,arxiv-500036,raw,False,pass,0,0,5,5,5,5,5
gemma4_12b,arxiv-500036,corrected,False,pass,0,0,5,5,5,5,5
gemma4_12b,arxiv-500043,raw,False,pass,0,0,5,5,5,5,5
gemma4_12b,arxiv-500043,corrected,False,pass,0,0,5,5,5,5,5
gemma4_12b,arxiv-500047,raw,False,pass,0,0,5,5,5,5,5
gemma4_12b,arxiv-500047,corrected,False,pass,0,0,5,5,5,5,5
gemma4_12b,bethgelab-10000,raw,False,pass,0,0,5,5,5,5,5
gemma4_12b,bethgelab-10000,corrected,False,pass,0,0,5,5,5,5,5
gemma4_12b,bethgelab-100001,raw,False,pass,0,0,5,5,5,5,5
gemma4_12b,bethgelab-100001,corrected,False,pass,0,0,5,5,5,5,5
gemma4_12b,bethgelab-100002,raw,False,pass,0,0,5,5,5,5,5
gemma4_12b,bethgelab-100002,corrected,False,pass,0,0,5,5,5,5,5
gemma4_12b,bethgelab-100003,raw,False,pass,0,0,5,5,5,5,5
gemma4_12b,bethgelab-100003,corrected,False,pass,0,0,5,5,5,5,5
gemma4_12b,bethgelab-100015,raw,False,pass,0,0,5,5,5,5,5
gemma4_12b,bethgelab-100015,corrected,False,pass,0,0,5,5,5,5,5
gemma4_12b,bethgelab-100026,raw,False,pass,0,0,5,5,5,5,5
gemma4_12b,bethgelab-100026,corrected,False,pass,0,0,5,5,5,5,5
gemma4_12b,bethgelab-100027,raw,False,pass,0,0,5,5,5,5,5
gemma4_12b,bethgelab-100027,corrected,False,pass,0,0,5,5,5,5,5
gemma4_12b,bethgelab-10003,raw,False,pass,0,0,5,5,5,5,5
gemma4_12b,bethgelab-10003,corrected,False,pass,0,0,5,5,5,5,5
gemma4_12b,bethgelab-100037,raw,False,pass,0,0,5,5,5,5,5
gemma4_12b,bethgelab-100037,corrected,False,pass,0,0,5,5,5,5,5
gemma4_12b,bethgelab-10004,raw,False,pass,0,0,5,5,5,5,5
gemma4_12b,bethgelab-10004,corrected,False,pass,0,0,5,5,5,5,5
gemma4_12b,bethgelab-100040,raw,False,pass,0,0,5,5,5,5,5
gemma4_12b,bethgelab-100040,corrected,False,pass,0,0,5,5,5,5,5
gemma4_12b,bethgelab-100048,raw,False,pass,0,0,5,5,5,5,5
gemma4_12b,bethgelab-100048,corrected,False,pass,0,0,5,5,5,5,5
gemma4_12b,bethgelab-10013,raw,False,pass,0,0,5,5,5,5,5
gemma4_12b,bethgelab-10013,corrected,False,pass,0,0,5,5,5,5,5
gemma4_12b,bethgelab-10019,raw,False,pass,0,0,5,5,5,5,5
gemma4_12b,bethgelab-10019,corrected,False,pass,0,0,5,5,5,5,5
gemma4_12b,bethgelab-10021,raw,False,pass,0,0,5,5,5,5,5
gemma4_12b,bethgelab-10021,corrected,False,pass,0,0,5,5,5,5,5
gemma4_12b,bethgelab-10028,raw,False,pass,0,0,5,5,5,5,5
gemma4_12b,bethgelab-10028,corrected,False,pass,0,0,5,5,5,5,5
gemma4_12b,bethgelab-10033,raw,False,pass,0,0,5,5,5,5,5
gemma4_12b,bethgelab-10033,corrected,False,pass,0,0,5,5,5,5,5
gemma4_12b,bethgelab-10038,raw,False,pass,0,0,5,5,5,5,5
gemma4_12b,bethgelab-10038,corrected,False,pass,0,0,5,5,5,5,5
gemma4_12b,bethgelab-10047,raw,False,pass,0,0,5,5,5,5,5
gemma4_12b,bethgelab-10047,corrected,False,pass,0,0,5,5,5,5,5
gemma4_12b,bethgelab-102,raw,False,pass,0,0,5,5,5,5,5
gemma4_12b,bethgelab-102,corrected,False,pass,0,0,5,5,5,5,5
gemma4_12b,bethgelab-105,raw,False,pass,0,0,5,5,5,5,5
gemma4_12b,bethgelab-105,corrected,False,pass,0,0,5,5,5,5,5
gemma4_12b,bethgelab-108,raw,False,pass,0,0,5,5,5,5,5
gemma4_12b,bethgelab-108,corrected,False,pass,0,0,5,5,5,5,5
gemma4_12b,bethgelab-112,raw,False,pass,0,0,5,5,5,5,5
gemma4_12b,bethgelab-112,corrected,False,pass,0,0,5,5,5,5,5
gemma4_12b,bethgelab-116,raw,False,pass,0,0,5,5,5,5,5
gemma4_12b,bethgelab-116,corrected,False,pass,0,0,5,5,5,5,5
gemma4_12b,bethgelab-122,raw,False,pass,0,0,5,5,5,5,5
gemma4_12b,bethgelab-122,corrected,False,pass,0,0,5,5,5,5,5
gemma4_12b,bethgelab-125,raw,False,pass,0,0,5,5,5,5,5
gemma4_12b,bethgelab-125,corrected,False,pass,0,0,5,5,5,5,5
gemma4_12b,bethgelab-128,raw,False,pass,0,0,5,5,5,5,5
gemma4_12b,bethgelab-128,corrected,False,pass,0,0,5,5,5,5,5
gemma4_12b,bethgelab-142,raw,False,pass,0,0,5,5,5,5,5
gemma4_12b,bethgelab-142,corrected,False,pass,0,0,5,5,5,5,5
gemma4_12b,bethgelab-146,raw,False,pass,0,0,5,5,5,5,5
gemma4_12b,bethgelab-146,corrected,False,pass,0,0,5,5,5,5,5
gemma4_12b,bethgelab-200004,raw,False,pass,0,0,5,5,5,5,5
gemma4_12b,bethgelab-200004,corrected,False,pass,0,0,5,5,5,5,5
gemma4_12b,bethgelab-200016,raw,False,pass,0,0,5,5,5,5,5
gemma4_12b,bethgelab-200016,corrected,False,pass,0,0,5,5,5,5,5
gemma4_12b,bethgelab-200019,raw,False,pass,0,0,5,5,5,5,5
gemma4_12b,bethgelab-200019,corrected,False,pass,0,0,5,5,5,5,5
gemma4_12b,bethgelab-200021,raw,False,pass,0,0,5,5,5,5,5
gemma4_12b,bethgelab-200021,corrected,False,pass,0,0,5,5,5,5,5
gemma4_12b,bethgelab-200024,raw,False,pass,0,0,5,5,5,5,5
gemma4_12b,bethgelab-200024,corrected,False,pass,0,0,5,5,5,5,5
gemma4_12b,bethgelab-200042,raw,False,pass,0,0,5,5,5,5,5
gemma4_12b,bethgelab-200042,corrected,False,pass,0,0,5,5,5,5,5
gemma4_12b,bethgelab-200047,raw,False,needs_correction,2,1,3,5,5,3,2
gemma4_12b,bethgelab-200047,corrected,False,needs_correction,2,1,2,5,5,2,2
gemma4_12b,bethgelab-200048,raw,False,pass,0,0,5,5,5,5,5
gemma4_12b,bethgelab-200048,corrected,False,pass,0,0,5,5,5,5,5
gemma4_12b,bethgelab-50009,raw,False,pass,0,0,5,5,5,5,5
gemma4_12b,bethgelab-50009,corrected,False,pass,0,0,5,5,5,5,5
gemma4_12b,bethgelab-50013,raw,False,pass,0,0,5,5,5,5,5
gemma4_12b,bethgelab-50013,corrected,False,pass,0,0,5,5,5,5,5
gemma4_12b,bethgelab-50015,raw,False,pass,0,0,5,5,5,5,5
gemma4_12b,bethgelab-50015,corrected,False,pass,0,0,5,5,5,5,5
gemma4_12b,bethgelab-50024,raw,False,pass,0,0,5,5,5,5,5
gemma4_12b,bethgelab-50024,corrected,False,pass,0,0,5,5,5,5,5
gemma4_12b,bethgelab-50028,raw,False,pass,0,0,5,5,5,5,5
gemma4_12b,bethgelab-50028,corrected,False,pass,0,0,5,5,5,5,5
gemma4_12b,bethgelab-50033,raw,False,pass,0,0,5,5,5,5,5
gemma4_12b,bethgelab-50033,corrected,False,pass,0,0,5,5,5,5,5
gemma4_12b,bethgelab-50037,raw,False,pass,0,0,5,5,5,5,5
gemma4_12b,bethgelab-50037,corrected,False,pass,0,0,5,5,5,5,5
gemma4_12b,bethgelab-50039,raw,False,pass,0,0,5,5,5,5,5
gemma4_12b,bethgelab-50039,corrected,False,pass,0,0,5,5,5,5,5
gemma4_12b,bethgelab-50043,raw,False,pass,0,0,5,5,5,5,5
gemma4_12b,bethgelab-50043,corrected,False,pass,0,0,5,5,5,5,5
gemma4_12b,bethgelab-50047,raw,False,pass,0,0,5,5,5,5,5
gemma4_12b,bethgelab-50047,corrected,False,pass,0,0,5,5,5,5,5
