model,document_id,raw_narrative_tokens,raw_summary_json_tokens,raw_narrative_words,raw_context_sha256,raw_summary_json_sha256,corrected_narrative_tokens,corrected_summary_json_tokens,corrected_narrative_words,corrected_context_sha256,corrected_summary_json_sha256
gemma4_e4b,arxiv-1000004,1438,3058,1012,e61dad64382254f413ba8d5d3f83bfd0423e88c5f779f7c476b89f84483c585e,a801dd8ae7b6440ff20c8e302bf26239b15aa9b131976eca3981382a91e161c5,1420,2518,997,73d417e1f809774ff1b2a80b7033e7bdb025c0b0b94a2ace470db773c88915a7,91f966abc8922f7cbdc224a8e7b9143dc1b62e5b6d804d7e03dee95e8650e76a
gemma4_e4b,arxiv-1000013,1387,2896,795,2ee69e9f5e021bb045e249b3a19de701c40df9f3ceb02764d1aa28031669d143,ff3544b1ec2733263c63857e71df1283e11481913ed9800b81e14cfd10a44aab,1314,2191,771,61c45381e2a2502a6d8c210b32c5fd9304b80b888fefde93da035d9c8ace6c87,ed55dfe5a4b56dcb2166148802285b81939493ffc91eb4edda8eb09d06d37ca6
gemma4_e4b,arxiv-1000016,1125,2372,759,437fcc21617333f4b73d49b3a2780db611a759c023d217f01ad2d0b680912724,611a2a0d9a8f57fd8283783fdfb00d2c035e88fb6a7e419882569e94e9a17297,1103,1909,746,253924726d224dac8b1a03fa664605839ec1d3d2ecd4ec9292e6516879b0e6a6,d9b547543c2ba581ceb9182752c3bdc7ad2f3f984140417612a5562a55a18701
gemma4_e4b,arxiv-100002,1793,3219,1025,c5ba1db658fad9dc336d1616d07a7bb50ce08983c7738a9efcbab85cc44b626f,11f45ef31ca31f230a26d066da919bb49fc9177e9d9b81908d1dd06ce66dad13,1745,2654,994,184d0c659ac6d2b3d31200436bd252d80c2607702083908e995f7acf177b41e8,7cf4691fe9971689bf2dc2a3c6b2f23057d398b37225a20f59b43e62ce2f0ff0
gemma4_e4b,arxiv-1000021,931,2278,685,3db8b62720883ec64c8053ea51dc6356e82c6e5bf3a9c96620167e69fcc79a00,d932dd482c1e231b25b092763e37411f833c39140f76103d4ce8a066c0a54120,919,1566,677,d82c14dab06358dfba4ea36f0abd85e566e6a12debc6e6c5145b4080db68eddf,40f158d80ff0d0d5b0dc42c11896071ce3d0dcc45d8a5536ca8b3639042b4a74
gemma4_e4b,arxiv-1000024,994,2236,782,88a2b076dc470e068c894e77351b4a050fd29a89f4a0a1ac11b9166e63867393,b15f24159c74280d622b327d0d2a109a1d790742420e83e80ff80a652e4763e3,1002,1878,785,c214ab4e8ad3901d2d248f8f73d0a1d977066665c09c6f3d8f3ab2928a57da43,aa60f4f51c6620be4bd9345dcb6a5b13b9d451d04c2b6316946f64ab181f169b
gemma4_e4b,arxiv-100003,1134,2434,831,ed5ae4f56e7777d21a7b2b4885c1099290f51433d9156cf089b1a077fc3d144a,baad86f13ce163278a03144755b95627347737a0e94de4be123a7b86cb84ce2c,1108,2035,811,a76f920abe286da24ca6c853c19c97b071bab8efcf53518e97ec58c7fec5676e,d120d975c43dfade1cd173f496a337a6c57655682c136caead8359aff612775a
gemma4_e4b,arxiv-1000035,1155,2331,819,386e35e2a3e6bfa764d3288f944762e9afb75030c673a4b80561997b39c55824,e272b8aabf013333c95b4d922cdb5165df30203aa7f02d3b862df49bbc0ca156,1134,2068,807,8a2350b91e58c2cd82f0aee8bc6866a69abe2ef5568a30bec3d2a9a1f12af98a,782ebc96b2a658f12f734418d56272583f7ae7e8e2583c91be87ebdf59fbe27a
gemma4_e4b,arxiv-1000037,1416,2446,946,d2b7352ec3642019673003fdc57716a43c618f185ff5c8833d60a555ae45398e,08fb19c3669cfc6533178488382fa5f324fccf857edc6b14d324a15046862091,1416,2175,946,d2b7352ec3642019673003fdc57716a43c618f185ff5c8833d60a555ae45398e,4504488d55c3c51f2e1e8b0c7a2c2a1e6b29d220878feb11d2924faa68715927
gemma4_e4b,arxiv-1000038,1536,3116,931,b9640d9647fc885c02a15a9103c8e1ca5e92a7495f010b50b335e77ba9d0933b,e38bc23d1a42a9c0bbb187822f2b0838ff7ac29ba98459ece1e1860e8da02362,1483,2448,898,55f3bd539ad28ce1bd3beb6d4e905de18f28e7ef4201e7922b98b2d044c28380,cc9c996bc63de1970b74422d5734fbb344ce9d07625917254118361e5cccf996
gemma4_e4b,arxiv-1000040,1093,2262,790,ffed8a883a4bd96ba2ccdcac9e8dbd9367a1c92bc599418eccad1d544cc93684,b82403ae7b0ef284c610ba8ef6e154dcc62e1d715a21aec9a4438dd65bd2f38f,1096,2092,791,90d583547950897fad439305b54a37d2f20c81762890bf1aaf8764f024205bec,6c0dd3c122fa72ecb8b3e219f669215b07fa4d9f866bbc072c10e52c3602f042
gemma4_e4b,arxiv-1000041,963,2086,641,5bde4e85a3eb3c352478dd06c68c17d81e2d91656ec5ea92f61cda0bba894bb6,72e8cc91a09b38806361a65eead0f2fae3149b864c493307eec55f3e2eac7ad0,963,1825,641,5bde4e85a3eb3c352478dd06c68c17d81e2d91656ec5ea92f61cda0bba894bb6,4f8605e6aa924d13563abcafe47d42d22c7c420aef0a02c4fc8553dea2f606e7
gemma4_e4b,arxiv-100005,1343,2610,867,75271d7ab020a9c4ee3f730cdfb8a7ef9a6738a00a855405a92370959676b285,064c8a5e12254669d99b521cd3fd8f8bc862de9d128a8d59cb8d7d8f4acae30e,1324,2165,846,462603d37fc2a32a9a3c6044c84e3bf758d9def2de1a638b5a9520332a1a9642,5d4922c1ca47edac7fb5568853bb8dc6311d0c74819a7af16644dd3fad08e044
gemma4_e4b,arxiv-100009,1347,2577,894,1b8c5e60080cabe106d649b12da26830d3c0e98cdedae346f464007151bd9d36,342856a8f9e35ca37509edda3b6483fb3517d6ae9e349011a28dc33eb95ce153,1194,1961,742,4db9019ce87f641934ffa92a9dc81b2e31fa44947b121956536080ce30e3c3ec,d18840f54ebf8ddfe2a4ef0e2b303281d2bd78cbd4c213f3135640e97ddb6a13
gemma4_e4b,arxiv-100013,1457,2644,974,7baafbc4543029efd3cbca22cc5cc8126c0ef7d304b680101e913d4bfca66fb2,03f58bfe91256d9292cb6e6033b472f81fb691afed5c95f7cbfd39f69dfac9ae,1591,2464,1004,768eea96e8a4880666736039bd88ce507a5c7407ed3d31c851c32610afa7b157,583db9f1acc71b3e197da8620d328d3b940b29ecf27dd5894cca1f8fa85d8cf9
gemma4_e4b,arxiv-100022,859,2150,646,10b0b6b9aa29fb601eae32ff779031bb8d2657c06c3bfb8e545bf478fdb25bb0,b97a64ca9ba505578d9ab5ccdb244de8f9ce30fc2c0f35ddcb93d218cb90080e,848,1753,638,315af7eebf67374d0e178cb42ebb2775c96cf9c8e32008599dc711715798238f,9df2f2eb19278148e817e7c4dc0611283df95452d0660e2fc9673bd694e74eb9
gemma4_e4b,arxiv-100028,1167,2708,828,fb8ef950a5cebf2cf2f2fec2609922307b0f00bad4a94b5c7e5f527ebe7d41c7,2f42f45388f5b3101fe6cfeeab04df0880ef10cbce7e071a992e3e90823a3d1b,1156,2037,820,918efa1de5bc42b0d34f529677621449729cf63967163bc50049d6bc1d407d64,990568e69c51e9d0a44498741ab81eadf19a0aaa0c69c2b811c87023ddf67b36
gemma4_e4b,arxiv-100029,806,2024,657,3682eb1fbefbba0e3c14e1a5b223ccf4555a43c9ee6a786c328957d58f0962bb,c17ce0d352643b1a0a94fafc128f1357c7ff7dd611b9191f2e637d50e429fa20,787,1524,643,e1aef37e1e13e907fca55395e889f63cc073b9d9be133a24dd520873588fd95c,1177b7bdaaaedbfa726b9aee6994025403284ec47c5a32cf2f057c444d546b95
gemma4_e4b,arxiv-100036,1078,2185,707,9b57b2b7fc9627171b03a005f9c3a20dc44cd4a4c266a8799244d92716897ba8,0b94e1c266bc4bb1b52416926c165eb3eb866803400ad474e7082de9a8cdb97e,1069,1839,702,0fdb26fc542a5624b881b8d0da50ca05ff6d1f293d29e7a1296b195c60c95ba4,3ee7ec94f6a34f9338cd76b825357b0be643c95613fca2af6008749dbbdf122a
gemma4_e4b,arxiv-100047,750,1600,600,c92779c5a4c0035fd4f94f6ce63a5b40617795eb7a548dfb3702bf83ac4dd434,26b57090cc4b77df90d8fd2994b65a2a7a4d621b6b27dfe2418c50af1c93e9c3,729,1444,597,0cfa478af4e42ad051a1783fa01f4badeba53bb46d64ec7e49acb1e5a9162c0e,02418882cac9decf3972e7ead978db71c0e3f192a5461488ad82a7aa05b53044
gemma4_e4b,arxiv-10019,1149,2306,928,c4f119020164adf2d60f38303fe7890382f7701f94d3c24e5a04dd335a61b1e8,72466aa71b3e6b5250eeed484dc15c70ba1d27c9a4c75bd9dd4f2e16244d79ff,1120,2063,906,aef92a6eb8d61ae06bd97e00013c544d04bebaffa5a8f31c18a200ee7cf4f0b4,bc5a4f1f3d09c90e95b2d4481f6a68c6ad47edd939b9ee0cb74d4c83b773a81f
gemma4_e4b,arxiv-10021,860,2076,599,964acaf29c4238f7a6798628adb4ff986a2a2ae715e9c6f284868e2aafa3e765,998491f4cea38f10157db4dfa3ab8eb9512305c2622e3aeb9f69c832a5d82836,937,1973,652,93a1aa30c20a5ac1812a7daf8dd7941ba8a59a3c8d643714af04ba3c096363de,9d5a5489cbc989e4377bd50fe41572ec6a16660aaf5809b93463a79929f79b0e
gemma4_e4b,arxiv-10023,1132,2116,849,b451b552cf79f75e44c1fd90bb7212bfad279e7de10cf6ec70ef7b15718c15ea,525bb748ed4ce769fa976d865b83ff71e95ff897e6b7fe06a288b2d2e31e24bc,1111,1861,837,32430d959cd4f3dfafe49a3c1917c1ab594118f7bb0f3ff1618e780b9e64b57c,3b19769bfd94358a1c56099bf4dfeb95fb70449a53a753c38c0e29f58ae4c423
gemma4_e4b,arxiv-10024,862,2091,613,f001680f2c5fcec246d0d4766b8b79541b9151570e687c2e8cf0658d59e70326,7465265c048fe3fe8b96c4c8acd15a7546aa0cef9a53f35268ba5bf88af84ddc,851,1561,605,efc71ca8fb7248ead47a892128057ff79ae32977e12648ec803cfa4b781b62d8,d31da94d9c40b87f01e224cfbc0d15dd7320d3130b46f48c16d9c0bfcc39db1c
gemma4_e4b,arxiv-10033,1639,3320,913,a332cf83a222af782f474a3c354f36e95c98017c710bc07493cec8d2a415ac8a,7872caf7f7d48a5a95ba590d7165e39d85f38df806b0f04fb5a54f71f6a99e3a,1525,2417,814,252531efde977d47151d40b35722f5c4a03f4ee0faffea32a9985f9b09df2e87,9c220829412308eb1abdfe72dbc9b19a2a446aa3f3cca7bbf02016b8912adc7b
gemma4_e4b,arxiv-10035,984,2342,738,5e9b9e8e7464f073305f71c0a5d037b185518a40ba9db0269fb79cd0347ea71d,f3a685af68b3fe34eb74de378946687cdcdb8396471cd36e0a45e8b9108ea962,958,1904,721,b035fff32dceb1b797d2d2e7acb50e271e331eb1782da67742672bf6a534e4c0,90ab9c776485a41046bf333c2360e8695d4ee574aefe00dca68045f51ea690f0
gemma4_e4b,arxiv-10037,1260,2425,916,7734278225ee79e7d19ddca294d1215a38be58559075ed7c2a5299d5a62654ea,2a9a9d2ab139aa35a6bd0b6e5e525f14c743c24e0892684845e51eaa672afef5,1280,2111,927,0aa6e462dc7c290b2fcc520db5461d7f3bee759e93c1a2691ae85234e01dc68a,396e3272dd036b32ade36d94999d2e9e8da753a09c4328bb682233fa59c6bc5b
gemma4_e4b,arxiv-10038,1194,3473,722,8e35e962c078d29a7c1cdf297ffc63f2bcd88754985c873ab0c3152e661cf14e,ff6548d2659d0b9c6c97daf19d6263b53857c750a6ac455f9dff74fde1ed65d2,1173,2058,710,1384af941b85f3975904793f7919fc0192dce158a25a11c2b917a3e07eb602b3,1e78a6cc2bba5245ff1fdbcbcfd6bd7bc1bff745751a5de3646151fb6c7a37bf
gemma4_e4b,arxiv-10040,1301,3186,931,3a4aa60d93d57d28803be3b8fdc288c0bc58b6534e357058dc958538a3279634,7632db605d68ecb76e1dc6a02f1956bc310b7561cb286b40178f81522983e033,1281,2343,913,dc523e1c9eeff14033a5e6bf674c561c7746605f9586e5da2b1faa5a26cceb6e,36938ada855981c4fb22420f1854f1d38a0b4996308d3c59c6b86d6cd6f4a16d
gemma4_e4b,arxiv-10047,1045,3197,794,46d59a57562107dbef834823e6a9fc4cbcba1e3c45a814f014a5e1a77d901c8d,254342eb500b097813c830b27f962c2de6f34a7a6a918db8439a8d61aed76049,1020,1918,774,269f9c80bfe3ad2583d6743dbce8bcb69670ef99392e485fe5dbac1537a88372,39ae7a78d57419c93df88cbd6460c6d36c9942f920b993f75a796f351d21e852
gemma4_e4b,arxiv-102,866,2139,647,3aee688425296cdef9ee8fbf5570f3471d76f6cf66def9f8a084bb770ff0fff2,e6d72eba4ceacb0b0bc863d3c3a9813ee519a04b58980dbd366408fba0ef079c,863,1609,645,007ccebcd8d3cbb0080a2c8227a46f0d2b8bf31eb870fc37e570a27a5c9d9697,c9bcb88ab4edd1ccdc35e342081c57e0b35ea1b7081dd97e7252572d96881de1
gemma4_e4b,arxiv-105,862,2388,680,442343f6f515d8372ab68f430386ddb61ce3bd7ae0f920d0bcff72202892a70f,c8987709ae6e6fa31d016cd7bd40d072df2806847a36ec78139874cc73511ec7,869,1825,689,bec08f4737e60effc786620375081e11abc45ac7f9e633c60677a4c7019b6e61,a5f4d50f5913705e24e9bd7df646e192c20bf0a921a46c68c4be17e74dd2fe6e
gemma4_e4b,arxiv-107,1594,2784,1030,1d6d1e8271f86838e7c7937c70b9178a225be35a988f0b0245568cf0202e3c2c,41b593f5a22439e9a7337e15dc8351c03b972798d9804c7f37fae259be9a0718,1185,2004,802,2e738b04fbe4ed6ccc8ed275b2d5a5f28075e28f6da60b6246e3f17c4802bdf5,32236e27a8e8ac7d7fe3f1f58ccb74ba9943d13b03911665f215198ac91b6c74
gemma4_e4b,arxiv-109,1152,2531,796,42ec4f498d9eeb3df717ff46aec0c379d7ce49d0495a0826f48a31cd1738ff81,ef148685832f959558973ec401733710434f27f62ee45036c31d8198f69c0ab4,1127,1895,781,3de9ec2998d56477a068d1a75fc6cb514514439c1fc9b72f22055fabf66f5113,f2d76f2acfd4eb16ad45c7264340c5925b280e8101c8a160f85d1ab044f9b361
gemma4_e4b,arxiv-115,1217,3560,805,a21c9b3ca7ab827deaf497cb1853f342895e9f208e338fe1eefa0030db9a32e2,b4503dc941197cca1e42b5b6dfca15b31052011d7a0e3777c3cef193e69f973d,1209,2258,801,11d607ce8be57c996aa463425aabe1ced6db9c8668a3f69edb9912e5cb22a917,8e04e6c763f7cee740b7adc38b4b664e5876d9c9fdb081e9beac9651be47ed6c
gemma4_e4b,arxiv-121,1770,2970,1106,907b5df4bc3b179c74a0be96b520b40bb7b7a493b66f758b63d01ef6a449fec4,054c03b172cb4b60d9d7d92cff8b15cfa508354bc3375b5fe1b6a94b9a372197,1726,2519,1071,94a1d63ca3edfd3898660faf9c7abfa558bf32b8a50677acf17b8af2c2505392,184a96b46a37affee7c7fbd1431f4de0224b0605f143d45bc213041cbea43569
gemma4_e4b,arxiv-126,1248,2499,815,a5b3298a6dfcf09e6cd1cfafae4c30471e2baf9b3bb7818657d8d4601d513fea,8ec684c31c144d1d23c5908c066c91e9b9148fbca644ab3e240937715c45530b,1211,1961,791,009875e73c3b014ce7cea762124da61c32eb568206cde98626b2dc6de1fb5440,2467642d917add444e335aedf2a8b490d48400b3ee560eaa21df8f5986f7f61e
gemma4_e4b,arxiv-136,1433,2795,891,27b99239a54655b9b71bbe3d79d6daf27c2fc8a1e5ce2798b8b4322f4768d646,e12f5213ed1e79cb844394a5d22111bb162f8140894c653ff3c2d39447401383,1399,2218,864,9c0def9acd33119c2edc5e65720442fdbb30efb3b7965b9c966db159f3f5bac8,ea2e2258d30b64af85281939163c6d9cbafff01c848e40b585bf118e7b95d4f1
gemma4_e4b,arxiv-140,877,2087,681,116657b6762462a2d3170e9452cc356aa88dcf82faad132c9ee0809fc6163c90,05002fe2131632d2e35f604abe61f6d04ca978749f23693f37c2fcee80b29ed3,863,1695,667,c09b36ec6841293a1e153ef9063daa1d73c72211e5bc64650cf9544d13b0d389,c4ae356b7740fcd0e06559fcade32f47bfb10ae844590fb27659d86737809de0
gemma4_e4b,arxiv-149,1054,2914,695,73eef6305fbedab3ccb3ef0ac38334b17547093b70f1a8d4b89ec73117d72abe,70b9f51ef6b4420bce4e914190f6f86ee6f766bb67252841adf50a0252e38e11,1047,1925,696,3c72cc8dd0190f7166f8824a32fdf1fb45f26fa6d1ddc45edfdd67e5653a7221,3ba574ebb43ecf39b40d1967ea46680f7eec8b070c2339328f6bec49a620ed31
gemma4_e4b,arxiv-500000,1012,2161,760,61b5d98e57136c5326b3a9c10fe099e39e7681724841d28882cd203e95ac5401,9b886ee29cbfa0a663c3d058c9780a2317aa468b49dffa3fd0e1c766b555e7eb,1003,1842,755,220b88cc0fcfa6fe7a10e017d5783b7f3bdbd4785c5e91c337b6a89086e9b126,89d61beee54d7bb72fc21a0d18e2690125501a21db3218992373fd87f7458540
gemma4_e4b,arxiv-500009,786,2049,610,9a99d54db5115ce148bd193641693f078fbca21c078e21cfbf97dbbb2bb23f4b,38e84dd2643e8203729be0dbebca57038f6bea115e11b31a71e5c9e475f9a17c,775,1594,602,3a98967f74cc1ec7d9b9084c6b9288838357d809e003d2b2636f216b679d34d3,88838befb830d3985175e14ce8777de5b27b27153a0028c0ca394d5694e997df
gemma4_e4b,arxiv-500010,1291,2968,867,616c0e47ef50b9a0666039fed3c26a9dea1223c25edc239bb57b97bdbc513b94,cf5e8d962e2c6562b0c894d681372a761bb8c27792f31c03b398150321c2c097,1270,2157,856,dcd98a47df121f04d965b8d311a4b58ac0c6f08fe07b8bc7a0606b8ff5254e8f,86eb9db156164107df7094551016a74362b0c36397d7bef7575228b578fcefa2
gemma4_e4b,arxiv-500027,920,2033,652,a6cb562bc4863db4b244f22608060718fa22a4a9b53c7040631630dfe9c0c60f,021905aec31e2fce3a330b9fa4c2e736a5a8151619a042710129d681de49d6b1,1001,1988,729,d18d5af1c8c329175bcbd2272005457410c4ec3af377a199f16666a9e5e45cee,b723926e5ea77ca7596e06506fc651c62f5266277e976efaa64e74a8442d2bb5
gemma4_e4b,arxiv-500028,832,2154,676,f281e584592230cc09688ffb0c106f59cb6ee011d38d6fa213f588ea21b316e6,60ac238ffb88f8c98f2a55f20d9283c4d35373663774e3852c4d0dbb797b2432,823,1509,671,40c8b8523cb773768508b110053e831ae29faefff70dfa4ab68695bfe838b2db,44a8c63882fc975577158e794ef7259ac42f2db0b8b68d8887412cd07d6b31df
gemma4_e4b,arxiv-500030,1012,2531,753,c6a6657ee1d7e8ecad6d50b2a3d8862a0a2652470211e8f19957533790c1e6df,8e1bd1c055ef24da705c3746ac651aa894f9ab1eddb84f8d18bfcd6cdcaa4c9a,959,1862,725,5cf35c29c88bd7cc8e0ec3790bc8f144c5da6d88c6229997dc83ee7b8990a0b5,61f6a95e28139cf406d5e819f75bfa09d32f1ed2a15198f23bde565c33436bc7
gemma4_e4b,arxiv-500031,1283,2481,819,d2dd4a2e3264cea533ee57ab01d8d300d79a3b2be607e6c8c94b035ee95eac23,2a0e7f245b2153fcf7988033ac778ab7a935fc3e0dced7b80475c6c4e5da923e,1268,2194,806,5040dfa676ad79cab034945c27fa511dbe2f133fd7078a4e467227753063950b,a40e90b5aa0e487849ad4fb23f0a8e6a165da8aa13df15a607e36e1e20a28488
gemma4_e4b,arxiv-500036,1813,3755,868,40b82a04c22e20fbf8bcce21dc803ba66c9e1e3fcf2a71fe13c26c0cd93ec696,3b3d882197f64e1296b0e98e2f755f92f215af435b5b56bc5fd45d4672c3cb16,1772,2652,842,cfa32ff381de4c3954e5a91d20c9f8b4ac87509af9621e47a452f2d6f4eaa063,824c643dc325c27462741dc04b22de34d396cb335c369e1392ad2c4a0ef90ef3
gemma4_e4b,arxiv-500043,1162,2346,734,92b4215b5b92ba9ebc97737a2b9e9f889a7d3f6e58bf632e1678a55e257047aa,38c0a2ca83ebbb540e23774e8b9c6cc82b4c518ebf17bb30d7e272aa906fef9a,1151,1987,726,084ac95cbabf1b208be18ff138098633f470a63abbd8fbb12c06d69f57fad0da,80fa4a5c34175cc126e9899fc8acbc963986e219167a9749ed9bb1938aa5f25b
gemma4_e4b,arxiv-500047,955,2185,699,80774fcdcfcfe33b948079f227841a2807a50839aba7b4baac857626f149f552,bbe16d0cb9b19762b5503f216c6c145955e2a0aa733cbb031b0ad077748569af,903,1673,660,d5d9995e471e0113efebe2793e39e288199b19d1a7aba0021d920eef9e828b53,cb610f1be9db369173ee7c986c799f597cbbdef9f6a42dfdbd135fb3eecc2215
gemma4_e4b,bethgelab-10000,1021,3448,675,138f3518543af139d48994506792577ee5d3c5d4750ba80535e19cc7ca17c57d,6702c8f452f7ab1a06b2d0796a451e0cec6a85daf0a00d23ca9dc07dedb78047,1004,2195,659,f13e67bc56eda992462a62245fb22bb04da6f6d38c5159307e468d681ede65f6,92db12b40062cbdc6bd79999ff8cf37345cce9b4e3dd3750780f2cbf691ad326
gemma4_e4b,bethgelab-100001,1225,2951,822,3875ca65dead72f55e8af61f73954929a9846cba1ffb761a9d34d98b1f31b900,fd44806ab20a8032bf912939215b95b9f4b28dd11cd22b5302de53b84bbc76df,1248,2373,831,8b5cc83de33f671b2f37f956d4c2297ed14471701961f211a7a7bd8ccb87c797,1adbfab3bc6493301188a71f5b359ff2ea192b65af133fee66d5d5e8e1ac5dd4
gemma4_e4b,bethgelab-100002,862,2012,702,38460cc8348d492291eaa31ae2e32eda7ab454ed37ba485be68b9cb4243a26f1,c130aeb542c50c2439100be9561aacb9b35a91f494d2dcb9417a4efdd8ef1f35,847,1658,684,07d8df38041934c4020b780e3f9fc85f2b0245386c1cc066169ecc6c02554209,f76026852cf32fbda548d6dc825df80528950cda356b1e8eff5c8c4e7b7a9c02
gemma4_e4b,bethgelab-100003,1522,2768,950,632ba6853e0f38b8ad5782f0a7d1cdbcbdbb09cf744da2679727f823d4d215a7,87b2a8365c8f6cd2ab51f0a3acb1c1ece64a558bc5d276f8b610a492c3c36cf1,1513,2748,941,467b7dfb3085262109a3101f506ed22c93608b31ac6e1f3cd0e32721657ae088,ff54d36fa4efdb9667c0b2dfe991e9a787ab10c070f0993fa463ce10b85b00c0
gemma4_e4b,bethgelab-100015,1040,2284,709,712cb51c1cb352788a61691a58106ef2accf2863400276da8b22afdccda8dcad,4711dd7770906cc10f0bdf486f8cdc12c3f4e6e199f88729917e1e7225574091,1034,1890,702,29beb4f8a0bae5a2b65820831ff80c1a49963d91f5bbcea9cc2980da7a56c050,e1d4ba8072ceb52c21728f0c2bf2c0ca8e588a1bcda5c6dc8edf795a64a91e17
gemma4_e4b,bethgelab-100026,941,2029,701,e06d18be346153cf6f19d5cf2dcb5f740822ef7b307a64f5a8560d2dd205a446,e60b0cc5d052235905c2076918472b5fe99a307097e32b9762c61bf038dfc81d,936,1743,699,198a4d14242e7329724aaf1e5a29a827480d5c2c11fce46414f5e8788e318bda,43469eb72a9745a5abf29798f4b2a32077608e772c83c33427cba2e843a2afaa
gemma4_e4b,bethgelab-100027,1054,2367,724,2f54f31c178038e69b46c8da6d2bbbb58d646ded98fdb5105b36bd7930b735f6,9a1c06cb59f5ca7cffe900d2cf1a4f4df4599eecdbc2b9127f093c31889b09b7,1027,1913,704,34058e808d78c281f9b7b809b1b33470d32c3710f7bb9f21553b3bc4e959a251,57af08080c2c7c06f417d6bfba0a49909e456c5919414b5e8710867c05cfa77e
gemma4_e4b,bethgelab-10003,981,2442,728,55b462e109d28a948e3a7718ccbe185be3be1e0828175b7b56c6af8624c4baf9,62391be3d314fe1f571f99783c49c5a91b3fa1ff3a9f656bbe73458a5379e779,970,1758,720,23669eb669115b1ca2e44b0d11ecec8d3f920270c63d8d40cd77cf9ffc2f1212,8031f1f927eae2e95534f24c23ed31798ea5990d2cfc86abdebe8ee9d6052dbb
gemma4_e4b,bethgelab-100037,915,2135,703,bfb90ca3b0c6370a83ce6e916c67169f3dca1b2abdee0eef6818bc5a2e5ed038,00a0c79294005f20fb24de031344e5a1bde7afcf81e71ed5775c382e4f5ddabd,883,1714,674,284d3bfdca097938cb1056efe7374f6ac318855cfdfdf031f8a1d50bb520098a,3a5d3811bdbd4709736761cdde321d4b4680476a53629280b2c3943d4443dca0
gemma4_e4b,bethgelab-10004,1160,4732,737,a457e44813d115ae71d1a7bec649b0564593a810b491912c6e7f0969936b58e3,c94166434c5baa09201d3bef57100a62d76d4583a8498c308a98f04d2da2e750,1142,2375,734,f41016bd8de5b2c0f912ee98e70b03907227de65b4f62ea107882b77bee7ba18,5fc484d2c8066e4c4b71548308b4f9ce6155096b59b1026a37bfcfa525f9737b
gemma4_e4b,bethgelab-100040,966,2146,679,03b3a5f5ef027f9df6066bd4487bbdd6d40234546898e3946891ce1dbb39fce1,397493ee134b04c4aa594f1a3a2450a8a2f7f0996ae36f84075f51df843d9840,954,1790,678,9ef673674615ac44c982cdcfe8cf92629e0939cc4f32cbbf004a75dfe3fd6cf8,0ae8bf9e5c55c767d5ca886cbd174ea12a78f9d4474a5a4dfcc29ad78c2d9f76
gemma4_e4b,bethgelab-100048,1200,2590,780,b8f7a69ce093d81a5e8aebfe9b2222ab5b3a474943c201b5fcc1b1d7926ee9c0,3006535bd807bb990516d08bacb51d86fdc5c157fe8f062106ac65e465c0d6c7,1211,2104,748,f62e6904dfbd6fdea958440f3047f81db7f90c07fc8bac24a43e92f8f561568c,9db79bf941f5874f541678563f1ba47674782358575c82846a07565eb0872ccf
gemma4_e4b,bethgelab-10013,801,2075,595,64ecf44010028f787dbe45a7e0017f137c09bd7b23fcc31561885fdfd4534bdd,076db3fdbae5e4e1297f25beced7db8bf10a1ccc70743278aa0de4730e71b3e6,791,1724,588,b601d9a3ff5553f40ed2df81abd80d4d65f56a1791b461f4ea2fd857d6c17450,4e37dee4ebc8c0bf0a78aa965abb5f1a8bcdd096e79ad8db62d6a8fc33f62680
gemma4_e4b,bethgelab-10019,863,2334,631,06d3a27a47f4b86323983569ff040e03caa2f2e89e27ba331d3bc5be89b06f44,20de4fa98dca6cd7e67ff0db8e71cc700f484737d053abe4c88478c6b50e1513,840,1577,617,18930b6e932d1bdc3118a7849a5a9adf8b787655b7f51ba3640208d3e30e5c2c,ad3b8c42899eb7a008538021b483fa3d6f3fa4a4c66e87e0073b28f35a33b60a
gemma4_e4b,bethgelab-10021,1118,2342,806,004b54f6ffbaaf25f968e7ccdcc5e1b2ebd1d4a25ce3960bf8271b6450e67ed3,d83dedd56c8dd119a94164c45143687acdb34787b97820bbf39fe25d8c9a89bc,1114,2022,805,801f0c91bf03767631e7494c3f388d5db40b1bc142b02a63f207ccd42623f22b,14551d9ebe9af32e0521113d695f8cc94bce9ff00586ea8d62f92b2e4e010f40
gemma4_e4b,bethgelab-10028,1960,4406,1081,b47ab10486beaaf41ab3ed92fe6c2ca1964098b84eaa73a5e84b3bfaf337e347,f2867f5bd3d835bd662e239e31b5e5ba9cded83fc2b79b539017d160a5dca809,1956,3137,1065,80aaaba7dc2ed96901c955bc0a6ee40a204cd704f7300ceec886792de58e8200,c43a98d621ae446c7b32e90fc0a29fc34329b3af4737b9a95cd30e9ab4e5308f
gemma4_e4b,bethgelab-10033,937,2085,668,93f771eacf210e774296528886e83ad7494e009aecb39dbe88d1e5abcb3b8709,e4208bac04e3d27dcdcdac8de9967896e2703d9efa36f5331f3d797138c4b3f5,913,1690,647,f2eb0b191e6c3fceb623070fc1eff9e8f19ba0a8649ce3b0c8bda3de4e7c5a91,5167dd5d54f4104e1bee6c7330ad7c443b0619966df823c186ceecada025fd6f
gemma4_e4b,bethgelab-10038,1208,2965,737,da5cc2d13671bfed27fa18990bb832599bf3e65bc5d66815468eda1b83aeba11,deacd9511615571d069ed2a97801fb32fdf18ec8c8999df7773d990724782583,1157,2014,721,a53877eadf3e062de4df495e3950c37af64c173e29fb564b5389ffbe29e9b042,f94ec85747fb8d6c4f6738c5789167b2e544fe6505951778c84ad5864fbd293b
gemma4_e4b,bethgelab-10047,762,2181,569,0a88d8bebc3e3b5782c0dc4b34faf2803345e7dc8ae1e1792b6d5c5e997193cf,30ef89af0a2f3381dd11212de467931a206697c6b6188a7c200ef2d43f1e72f5,755,1505,566,6c2e8fd5de1253be9fb83c384cb8ed3cefa3ac22028d3bae089f14d82a22d332,e231c7c56877196445f3d6db2ebccec423e4d26f7e085ed93c1f1e944af6236c
gemma4_e4b,bethgelab-102,1065,2290,770,82fc132d8c940c35581a092b81e1aac1d0259cccd362c0b6e84aed0aef031204,cd24c9adde4ca412092c4fd48f456e5c5186f49ce9bd56bb5c046d9f72cbb5b3,1056,1990,762,3ac68ca1d875364cf09aa3b76585e8360320b3ea71e3600c144b5a90d9073d61,49e0d274639b468adaedf59a957a3f5ffc35521fb979328e1f00bbfe77dd97f2
gemma4_e4b,bethgelab-105,1031,2915,690,62036f202da9c721b90ebc9be8c90a32aba37528d517940515f0f9b468f506b6,5d9fca4bbe81a1592fa05c570df7e67bc2af2069bc98b292b032a46983f4061b,1031,2089,690,62036f202da9c721b90ebc9be8c90a32aba37528d517940515f0f9b468f506b6,72abf22180acf830312323c3a64cbb72e7b0b2a6809e0356d79bf8633b98e274
gemma4_e4b,bethgelab-108,1265,2882,815,edddd94abe66f148dd1834abe3236917a14ba4e8d1d34205189aa0ead140f82b,33f88a3b77d94daa6a317a89dfc99c2619459069fb36821815274326f75a7179,1241,2344,798,bc524e2379554240f018be27e36593852fe8ffc0ca92cdabc27e976161758ce5,42be3385fdc912849bfd7c5e833dddb67de05bfb936e67edc94becdfc08dc030
gemma4_e4b,bethgelab-112,1145,2356,790,ca248504482a38be391f911525b4726b9cf3cd8e46bd29467a633acd0bd0e512,fe19f41035209413b458275a497ac458fa77ec3d1780b49c5991118a60a52cb8,1134,1955,782,3502723302384192eb58c4f40c8a6e809291777ac33d3dcd39ec6a2051275fe6,c3bf1bc089a8259dfb5d89b8d16653e06721a4c78c97fb6d75f3cb7f68a1b391
gemma4_e4b,bethgelab-116,1204,2859,820,f5ce06377e6412a0319beeaf063d75820b316ad73739eed5517ca220e2c5ef1b,423119247590717b6d651dc480345d2bc9cd3e3c7aea8c3c8b38a4535d8ad409,1188,2055,808,cacc7d2d7ab88be1715ad0b52724a9ff691ed7f09fc7fa0f1a1e49a52567fcf3,7924a513099fbe7249948a08b6f628dab906624fd1cccc8e7555719be8dd4eec
gemma4_e4b,bethgelab-122,1224,3151,835,0c44124ad07022b5e21fc3eff044d0e47c88df1a44cd03937b395ebe234d7564,cc5186893ae2d6175ada75ca01f0d930302e96863a304cca2afd061f33835bb8,1189,2223,812,a7517b7763bbd16d215618fd5f7a67f7de5771d1d8b1931ef70c765aa94a98c3,916d7d014d5ce285d1fc902f88fd42f53450634373ac1d7bbc9f8b397994f153
gemma4_e4b,bethgelab-125,1246,2975,865,197beb4762d74d869d9b671a04a7b462ad4d95bb7cbf632c22bcc885afa1895f,02931a0b286090570f1db5e2c4d5ed90c4c612601093416a9132ef43cf65bf38,1195,2157,830,06e888d934cd25c8bd0b13e559392237206075f8ef345a1213f3c8c5a35feaec,8b41a00430f79b1d4784e124ebff9376fe75bd27fc7fa9958ab8d3e81f868c1c
gemma4_e4b,bethgelab-128,1553,2972,1064,446c1535381eadb6e03e655baf0138497aa660a469b0f230c0ffcb078460a9cb,edaa6f45a95da7624ed4b360865dd1d4223103da56ab2eb067d263f0d410c444,1544,2325,1059,b5d4934922a231969a19d2030086a68ef8ab86c3bc47fa845850f65584c32faa,db869b6f9a7a3b69e160304589e881fdf612dfbda793f3cd1cd2a3a36530b602
gemma4_e4b,bethgelab-142,1107,2480,858,6717bccc64bd120fa1106d9e432dc32d54c41b626344d0f07e3478e5aea0eda4,d1ce6042cf81baa049145ad06d47661b25bdaab38ab19149c6cfdc5e8d349d41,1107,2401,858,6717bccc64bd120fa1106d9e432dc32d54c41b626344d0f07e3478e5aea0eda4,38789475572ac406b00f0c97fab03c02f3417e9d1b391e54fde1d815c3e30dae
gemma4_e4b,bethgelab-146,1423,2941,1027,01bb9571541d2a25307996b753784fd87945c4a6f690e97369719b7365e2b3f2,c1b7f393c86883bf1154ca2ffe74ebcf43919a8933006b559dec42f5a99519e6,1382,2214,992,49fd0a3af78c8e2ffb6b03cead5f48f089b0056a826bf1a1e2f92a9c24b30176,2fcc958e7c370090ed3fc30283785c05ffb50a1b1aefe50a8884cf767bbdc5e9
gemma4_e4b,bethgelab-200004,944,2681,639,bfb5d15dd16740b5f09a8a74a33bc2bb9d7967e8fad04e70195eea3420bf3f15,a5b641ef896caeff4fc596d490ffa74093ce054454c2326743ee17d4338fe6e4,935,1960,634,095a964a6957f1b856a0748593591b47da4f635405d8679b727274ac13d30516,2256390b628fd0e9d33ccf397bff94e60aee33398fb69e5c4e5a7efca6047245
gemma4_e4b,bethgelab-200016,842,2057,606,1884f6c0bd4025f29b68c74b47c64c57d80f758577e324b516d4b9d28e01bb15,c4c74735981dd2d3cb1e443879269137e8b9c1715857575714be4de27120650e,823,1586,592,8177673ff24b1943923a2162b0caaf0b9cea9de032607e50db35efdde8afe14c,2c1dff595cd39d569fdb50a97764e080ebf339d2c6f4df1b5b8fc1994b054edc
gemma4_e4b,bethgelab-200019,884,1878,644,e8cdec8611a5818d6c947dc5eead71bfc31c3a5d9a806a06e09e43ed38d8cdd2,5593292bf621ccd818a0d2c0199771ed24e03c28dc7839391eed8d3e54d3cd18,892,1625,643,fea3e02668378f71d3bccf012cf571615a73312be43fd389466512fbffca29c2,76900522d40651c0ffbd2bfb2c89fc06ae2fc4081025e9d25a58fdf442506684
gemma4_e4b,bethgelab-200021,1019,2251,676,3d419b8f9a4f01972962526bc2060b175f55e2ce2a03fd40b472c542249c0f2b,f3af6604030f1b920f997ab0e180b1801cd573b0a8860fade602be58db3b6244,1041,2009,686,bce62d5222a9311653a51108a33160451646a01192fc0184503202b4b6b4726c,cd78100e9d1319edba9e7b2fbea79ccfb277fec719fdf950ddab8619f3446ffb
gemma4_e4b,bethgelab-200024,1065,2564,789,ead2fc54d36bb21f8185a5e0d65fbdf0fcf9890a55c441f7134272ce3e595082,87d7eddef7d1a40189e35e14924afa04795dfca35b0eec69a9e0ba023da348c9,1071,2170,792,17861a61e285b9bf6ca54b799709e28857f3924ca5dc0bda25083efa66259302,c6fc971329b83a8552ac9118c5d10ec6f6ef0b0617976ed585ba111d1cb8f1c1
gemma4_e4b,bethgelab-200042,1333,2454,923,42f4081afa615872ec2f6626588dbcacb10989ebac6875d41419de68636bec52,3e7c8457e5187a741cca563fbc9ded3b5f55ee906a73e6eb76155d58fb8dddea,1285,2325,886,7128052945024d65c387ed35f25a1538bf69215ea1527b885c592f4f7a7de7c3,4f1d7206a73d1d54f899eb9c8a61bfc5a71bc87353ce937c171111389755641f
gemma4_e4b,bethgelab-200047,1365,2521,819,0544ae2c68a5bc19c987d5f3e8f3376f17acfd85ebbb9ecf89102c6ddb15f5ea,91add0cdbc0b0034d80683016dc02e69c988708d6388aaf4eaae077dcb352b5d,1159,2194,718,6139db79636938175593322fa90c83089ed66c8980bd7f6daf3f791d1839e720,aea9fcca42672e6cd39b00a351ebd8537dcec01510b67d9322495a8ae55e993f
gemma4_e4b,bethgelab-200048,950,2687,702,996a289be465c7212c579b0c6ae789bb2088ce3fc72459ced255166b70168606,237f86023d9d3d802d9d7fbb355101e266a73bddf026d13e03a992b9c03bd9a0,929,1857,690,fe27698056cf6884065d3646d61e628641e9f17fa638dc18931556394b9ddf02,1580f9b45c3309da7d6e76b542ba374d6a2aed57cb98b1454fa13fc19ac430a9
gemma4_e4b,bethgelab-50009,1028,2152,685,f24d4e41e1b352cd3954322aa8cff9f0f7aa66dcc50c621b37cb092c80d3826a,c52c70f811ef0cdd10377ada79d0863e0a5739847485ba3af7426864361813a0,1030,1910,684,37ebfe5cc5b400d372967261a219dc3d3ec9e3ffdff7bcb503beeb2b8eb050c5,c257f4558b074b5df8e0def2eaa0e03ca3605bc6104ace5281d21e8c7f21bb1c
gemma4_e4b,bethgelab-50013,918,2228,681,fbf67665a92978a57827be208f5244b431e5c81bed2936de11a881d6616697cb,4f7eee2ccd7da44bbd733457cb6c56ed4957aff34ad349edaf5e9325ea95e66c,885,1748,655,3e3b36d0cfe044bdd9b335e5c679429fb77644af634123e41a350ff0805a9e5b,7c7da81329bed8d8e3d9c8821bdb6fd8881628b5fb29eef9e0c3f053a040f7e4
gemma4_e4b,bethgelab-50015,911,2045,634,deb05b73bc84df5e0bb85cb0f764a58bf192978a95222ead4268fa863e488f23,519ba0a07a9e8d9c305da3a88c6aec35a378b4e300afbbd6f946b2e000e441ac,882,1665,609,aaa26fe63574f55388854090b7894f667804f4a9a8238dd2eb110e86b600b476,6e9c6828bfc2d9c0038f91af5b2b0fc97c05505cfb5c4e217a2263a24868df33
gemma4_e4b,bethgelab-50024,1541,3007,1062,92e53f1353c5a490e9b78c195caae192e8bef14ff895c5d0513c3e94b20af4fe,38894968fc4e51da70cea9e688e2af14cdca48dc5e52b02494c33e833610a5c6,1395,2545,996,6da7cf88af4c2b0a09b27f31c3bdd536f482aa2e046bfe7e9d35496710f767b0,c5d0888009367d5e38ae86aa90660fb00747e4597151c30a909d1848e8048ab8
gemma4_e4b,bethgelab-50028,907,2160,717,234dbce0fda657f89b1cfad12d127e752e74d5026c908b609778c6ceb92920d8,be22aceffc2e4a93007fb23f102a8a63855d127bba21d430ea1b17aa56b9dd65,885,1794,701,400ffb89cf614282c6e4a0c811417dfa67f7077d2565beb751e20ca47936f22d,7cb73962e4512ecd992834f2306e95f6dd6ab58da8ad2ed7e6530a36bdd6cebd
gemma4_e4b,bethgelab-50033,1019,2519,732,7d644570fab23a8026b542d643b21ccb1c3cc84149f04a36b12aef541647f3be,664acbe3688ba685f754d37cdd551126cf228974b32a521ef6a34c54d429cd47,1010,2157,727,e54eec21f4767a88443647fdde5238cb37a426589360085483c4d89258b0ca39,1a973e453b4e679c766fbae1d5b84f18b571881125d77d07fa619c2ab4522b3a
gemma4_e4b,bethgelab-50037,1080,2345,715,1f126ff71f68bf215de48e9d4f35c92186ae4fabc51e8778403dcbdd41d2ccae,9adba35bc527a59fac8ed52b1b9a47b411617035017509145839596ac2390a7b,1081,2079,713,1b89bbf7630dec06447c469a5e5f79f796bdedbaa508beee18a8f39c1645bcac,544d2b5accc35044a2a2f6c6e186651802a4de0ddff7f8851ef47d7a48d1d63e
gemma4_e4b,bethgelab-50039,959,2540,683,bdb988964682659f259d26e940c92450038d6a41a3fac3841d03cb29dadd8698,6b3a894b42741d8c257dc7a0b2a646e3b2535cbe44a53f82721c62bc1bab5cd8,976,2197,690,6062c7ea63ca2da9d340c15c392ba6d5ea9fae9fa4a5426bef08ab180c491018,2af59c262adea6775e40904e5bce30daeab0836187d5ab6279b0112cf56802e7
gemma4_e4b,bethgelab-50043,718,1704,603,b8b362b33c5e04f16a01c9a841cd0ae21a187927851eefc46c49a592892dbf3a,540c46385030310fdd0dedcb92217f6a1fd9e9153d7ee711b58a395bdd14aa4c,692,1411,582,a6c2deb9dda8f3b22d7ec4643f039388972f85a5935482b0225a152065231812,b2ebc75abef241651486de9fd06e32b5235638fe49fcd76e1f525665b2c323f9
gemma4_e4b,bethgelab-50047,833,1785,603,5e72aea193c945ab6553b7fc54286878aeafcae93c5ae909b79204d5cb9a6aa1,48d410dae5f332a59ac3c98f968ee0d9095a97746f4c1c6671dcc8cee499bde6,814,1842,586,b8d38f2e83191797b38dead4e2c1694fcd568d2ece85fbe7b75df78c69f4bbe9,f687e00550601ea6c09dd543eb0a144e1f1ee407752ae62f9dac5cee9f5ee766
gemma4_12b,arxiv-1000004,1264,2200,906,f177a34d972c47a7514ef498d2efa4216c59e3a65c40a692af7f1fbff2070e42,f6387b5e9d1c358eefdc4ed91db4a01a8d4bee50ee6d8d68b6690876befee528,1245,1850,890,4334701ed420810feb6fca90ec9b0335c8b51941cba8326c052bc26482f7e59b,d0e78f31e018a2d4cf07f6baf891d20774b61c4360e274a8e76b220c466faf36
gemma4_12b,arxiv-1000013,1123,2272,732,7847703e46879062c5a6da5c950ece7e33c699b5213a2b50831b92ec0fc3b0f7,d7826fe40732b6c8ba4cc45d7c063a6906037a0aa4294e7d0d69f50e411291af,1123,1803,732,7847703e46879062c5a6da5c950ece7e33c699b5213a2b50831b92ec0fc3b0f7,0e14f1a6cd3cbbd2dfdd5254dad384df44cfbe9399022dc8ba3eadf6044f5896
gemma4_12b,arxiv-1000016,1256,2042,892,34847ed12ce5852a4f1f3e5c5a8bd0084883e254128451c0b6752885bda357ac,7a0b107d4a3cb35de0eaa75390f140b9c180a0ce1c6f47c754cd64d7e3e41a8a,1255,1976,892,114473518288b71a05364bcf1eb3e8ad7022a3a715103103bb9ac6e7c3bbbd68,7145cc8fcf46091c2826e5e476ba756491ba7e1c01df0d285414cda12be25640
gemma4_12b,arxiv-100002,1336,2006,843,26786122948803cdab3f20c430aacc16ce7c83a41cecb3eafaea2ee252d78827,a97f29e7bc9800a96b3d94a9bf912cd6b45767d02a44aaf554efe3ecf097d94b,1293,1859,810,623202073efd4a9704148c86df3f56f97c2be93d981ba9d5a408132d1dbde208,ee4e00be8983693399645552548625f1fa27aea236687aab8374e36ea6918fe5
gemma4_12b,arxiv-1000021,1190,2034,906,b77a3418541469e69e5a2d7299b466a1ccdb118ee29041e61dd8dc213bb49b3a,da1971be6359d0f0b7f7517bc8b2601b10fd8f009b9fdeba1304b311d429d240,1179,1747,896,9117757f05d082cb64f9ec91cfeadc08bb3f2f1189b4452fa5fda533f51244bd,a604f2be2a45a7b3a29d3f114f70a11b041329c68391622d9310aa7f729a6d88
gemma4_12b,arxiv-1000024,1445,2273,1075,b03a87a0960f55b47184699299a8ab89d1898c9545353dca5c7340b10e062df0,282b68b420fca327b617f6b465ac949143430518962116a9b8d05ea2c20693f1,1431,2035,1063,7bbfdec8de652f1bee7735c12c7162ad49dd7087f4420b7216e1b35fb4094ffe,b195b26e8799788b9da74cd851b3963083562ec3939fa41df16990cd1b94e967
gemma4_12b,arxiv-100003,1738,2513,1211,793f5e876c13896ca4761c00786971078dd6cac9ad24c3de5912b2decee06d0d,85b422534010c0ef7733908c4d871ed4b5cac467d99c5e29c0484a0de38982f2,1738,2461,1211,793f5e876c13896ca4761c00786971078dd6cac9ad24c3de5912b2decee06d0d,88c12637f2d63430a82b64fa2b3add55dd271fd8d262afc86085ebffc65c6a08
gemma4_12b,arxiv-1000035,1109,1750,759,0baf3775a4db9e1a34e9d94e3ad6b38789e406fc7eda801b3699b64e952da518,a1ef98f7c491d788276770e9706c02d4d1152946269ba7eb496f78691f3be631,1108,1690,758,5a4fa81d0b36f65fd1f31e49c41da2b1a8233459799568c2532f3f43686a479a,191fc749e694097c2ddf5514d2ca3f693e433e3212fd6012d02e231c10f05d2e
gemma4_12b,arxiv-1000037,1633,2446,1204,981f7652562057ffeac0018dc1f84a01bb51adfe25701dc5e29aa92c1187601d,b437035e242a45c73f6b89f3bd84dc9c2abfca6590e1a8ce6d20cdb20aaa5403,1636,2206,1205,ebfaeb61d07008687bb9bb004b75e17db26c78a82a5f684a89fddfb70951c0a4,ee403a5074fc25f041b3438bd4166bbb990bdd1d9b0b627987a8632bc8d8cb86
gemma4_12b,arxiv-1000038,1428,2401,904,05fa9e9f9bcaa62c5cb4f52568cfd9f401ce9eb5beb90af4f7d495cc771b22a3,93314e19d195e6b3f67bd0f42379fd26725ae3eb1fcd04f4f39b1123897d384f,1428,2184,904,05fa9e9f9bcaa62c5cb4f52568cfd9f401ce9eb5beb90af4f7d495cc771b22a3,c4fd20ad4e4655c7583f5e5865191cba3084ff98aa89a3f2d5f1b8f35eebb97b
gemma4_12b,arxiv-1000040,1195,2169,795,f5cdf855bd619f93369460909eae0e5ce9f09244a746c50fed1e9b12c9b465f3,c068b0df2a52d5ad8c8c0f006f26ee070089c574d28f5052c71b50c1b83ccbea,1195,1947,795,f5cdf855bd619f93369460909eae0e5ce9f09244a746c50fed1e9b12c9b465f3,ed6cd8f7ef846330c81fb6d4260ed1ec5d11ae1d4195bf622251155c8ab99586
gemma4_12b,arxiv-1000041,1265,2263,826,5e7f66c5f86e824149d7a0a63ee3a3ff392131a4d65bdfa361b5c4b7564a985e,d62bb00d82a2cb7784c87ccfce2ed58f138969870077d990165b2d1ebb1f58ce,1265,1955,826,5e7f66c5f86e824149d7a0a63ee3a3ff392131a4d65bdfa361b5c4b7564a985e,85ace2b0853d087bd02134e7e7ff3ced7fc8eb09fa0dfe6bd3b68aa293994dcd
gemma4_12b,arxiv-100005,1263,1913,907,5ca2b068702f7a9bf7e7c02f33435a1b380f2bd4da98c620e64c9ca2188b549c,a413439bd099a9c769ca8856bf0292157a68cbd8a1c4cc480c960ba67358d028,1238,1824,886,dccc99c646fc6dd759a310b8b0e3162b3f9ad8838e5bfe1356c152cb292ee83d,817933d7b81d0aabec8e54950af1d37b3a77178f3b3d5944fc1c0215100407b1
gemma4_12b,arxiv-100009,1436,2296,1095,d7836bd0aca63d9cbd4f00cb9e8489927db0b090400726372629a222fc18bde5,4ed1ada1fae9cb6ba415b8144551248da6fb8bac2cdb327979190f1b7136b150,1436,2154,1095,d7836bd0aca63d9cbd4f00cb9e8489927db0b090400726372629a222fc18bde5,d58ce43ebeb0d420299076fa45f8e8fbcf4a55e6c17802daf4a509d61333cf8d
gemma4_12b,arxiv-100013,1678,2494,1059,64e4433a431e047510bdd3e31254fbf7f9ee258ac7f75f74ba33ee008021c0a7,4d1cbc480535cc9b1d5833655f6ec68899a968530f4e1e7dd8b29152b8df6f83,1684,2473,1062,4994071bb3007c76b904be97e8b7036cb6cd1098b9ab81256158246f0b8d3bb1,bf6ac3767bfc22078a03743487de1f74afbb4eee038df7690d23d6222da3a1a0
gemma4_12b,arxiv-100022,1452,2280,1062,76ec48f268ef4c3a0e81e4edce73f1195f3e6da5d5a54e7cdf12a7c466e8bbec,5b7c7c55e4255c97f4c8e7affdc813f22ae60ce9848e57ca30c37fe58511fcdc,1452,2200,1062,76ec48f268ef4c3a0e81e4edce73f1195f3e6da5d5a54e7cdf12a7c466e8bbec,8f894ff5ef1dbbac29e7de4d69a5d897b0a78483a536e7b9103f1582353096cb
gemma4_12b,arxiv-100028,1453,2475,980,2fb592ddcb35cacdf135df27dccddff631cbcbf7f37df742fff9c5e1195bafce,e5c0ebcaa2ee2532f96ce173a798063f76f0d7d6b04a84b1f650b24e0bf18faa,1449,2453,979,6ffdd1a5bda59e27b66998a0b3621b5f9b2c1d99ae4de3b5369c60a1a56b84fa,bbcfd0b1f9b921cbed3fe5c7a84e3e538a0abbf996b0d0f8ebfaff624195d8cd
gemma4_12b,arxiv-100029,1318,2054,969,d7f23e65f3772cb361adefc4c5121cf7ad7ebbb7c7bdcf499fba195fabb81bcd,70915f4eaf3207ee9af11b1326750e0e40a8b56ec68c702cb0f814b7f2152ab4,1288,1971,962,f37452cff273e5b16b4debeeb07c94855848050491ba482915f2112ca23d1b45,5250c9fb1908c456134d5ca98b5c6b65fd70885364993992ff08780fcb179cb8
gemma4_12b,arxiv-100036,1042,1738,759,04454cda157b81eb40da85b07d12d15d5fdcd03eedebea7197f55adfd50e624d,e75926feac8f23b7d1e149dcda54a1bce406ed88cfba3947212beaaf470f37b6,1041,1693,759,dda397e50ef344478e9e4c5169a17097c4f7739263a91e91253be8df97ca1e2d,ce8108a6cea60a66bdbbada54a3ea5c40774367c0ab4bb62221a50477b940e0f
gemma4_12b,arxiv-100047,982,1593,842,1ddc8fbd541422e3f7504a1839d8d6897576e4826653e161686a5075333f9084,e001f2ef4b28d6bdfba2f12bb46e32347febec8671151ad10a8288dae65aeba8,970,1524,834,55b01961e7517d808f7e5f62fdd6cd7ce9473084268cedb3596a6c802ec3384d,b00ce1a5314e72f42f40e208f81d1b8c89e1ddb02444920218db8a91e9facfc7
gemma4_12b,arxiv-10019,1506,2497,1201,fd3ac031aa4ed5acc44d283b9a9f6db02ac385dc62066f2f9c2006f55f76406e,660e0f3e80a6b9db4b97c8527d58b053d5920e78834857713ad414dd9d9184df,1475,2356,1177,bcd1fe1c004376527755fe0b7093a6db1d9585ec940859dd0c04047e5519fa73,0187776197d210a9962a98d83f590da81be35fc9c3b6874bbd0a8489b8d4325e
gemma4_12b,arxiv-10021,1332,2317,891,972e72739000c2b168388e98d3de832180cf7b465318f3419118b528ca2da947,d8c9b58087757b993a161ad173bfea545f8d1ed4cd4d7a52c46db70bd8e9b6f3,1320,2053,891,ef4f51edc64f48d7b42a9635416caea472f5800cedf78ad1ccfa1b498e0bf9b3,49e00f67c0d3beb1882bab31eb91ea5bafb8b3f95d9f56364a6c417a67eda6c2
gemma4_12b,arxiv-10023,1160,2084,922,2e506439235208b498093d511e6ac0a1e6c182199f32c42b14eba301fa0b7777,1c2935fa794053942ffb641c4bc4f1637bf9f4a838c58f131abf78e0856de9f7,1136,1771,905,df0ba0a02bdcaa1ad275f51e9df0de16a490d144ff3a93a6ab6ce22ce40742d2,285b0a1cfb0eb6fbb2153bfa0a4d417cb1d9ab788fe995d153cae3158a873606
gemma4_12b,arxiv-10024,1209,1902,858,c17350ddeb4c97e374169dd17fce943d4e331e20c11afe34f169c2e2b6033c2f,bc67957f23fd2599c44505c16e9afdad1c5d7a7d16f9e91e18eb5736a0fe222d,1206,1807,855,5d94c2c9138552c2937a4f19de6d041326e91a4745756560ccf04bf1720fb61c,05e4fa5d69fce4489c9d60b825656c4c8b8f7921c9cf1b399c9bcbd70f21ca52
gemma4_12b,arxiv-10033,1176,2316,810,dddd048be4ab8edfc5d8614502fbd6e7fe547744db89dae08a488250dc932368,f067031adfa5568f06648e291083b78dded56f0008b703804d6e766d6e74585a,1176,1898,810,dddd048be4ab8edfc5d8614502fbd6e7fe547744db89dae08a488250dc932368,cd8e7eb12b7dd93d152eb8612d4189c2a2ce5c52933de66afb19c08397f91d75
gemma4_12b,arxiv-10035,1136,2047,826,20ce31147a086ed7266315180f938820fb410e5931a02c3c918f88cc7d3c3562,4909faf5036bd043d625d7982d6db6217e066a528f2b8fee1c3cf2b63d375a7a,1136,1835,826,20ce31147a086ed7266315180f938820fb410e5931a02c3c918f88cc7d3c3562,193506397ffa796539e2ad7d18ac2443cbb3add3d5858dc310d6cb4e59f9a177
gemma4_12b,arxiv-10037,1472,2547,1064,00f7f2c6f6aca1ee8c5666454b072594fcd6dd8b79182e085f1d8b99e75964fa,a0d66aec1efefcb85b11c8d11ae524ef24b558befac593407b6ac7ec2af35051,1488,2242,1081,0a86d9582f1707d7060b757061c65e8da3498074844f2abe25abfc942595ae6e,215a077fba5494be36284dce3ca85fe294c9e31c860b3fd86df5e4da3a49a643
gemma4_12b,arxiv-10038,1206,1795,778,fa23de07c39d1177a8219e4de3b02a81575f087cda63b67033341f52c82cb42f,21b45e1d6313c35a86bbb48382640ebbb0623b52b182975ec910a0cccfc88149,1206,1721,778,fa23de07c39d1177a8219e4de3b02a81575f087cda63b67033341f52c82cb42f,f84ea5b3392fdf28a0d40dda86d3c4d518d779e6a8fc308d9bdcdff5c2f1ddd7
gemma4_12b,arxiv-10040,1389,2506,977,22c2d6ae7af83762c8ce9efb33f6fcf351d43d65a7d4cc27e2bcacd57a31f9e2,7846ad4984eef4b46c9d461691c1c0bbc71d4de57fbff560694b35a9638e4bbe,1389,2525,977,22c2d6ae7af83762c8ce9efb33f6fcf351d43d65a7d4cc27e2bcacd57a31f9e2,e1ee3492ce289f6bc053ff9330452109c6ba422f163f3f6ca1eff5f443bd42d1
gemma4_12b,arxiv-10047,1095,2105,821,3bfa72cefad82e6074f90807e399b860778452a20238637477f5c51b5f8be5a3,4c2ee22bf047841e6d081b398c018a341c0343ea4dc95d970b7995a330ebcb19,1148,2230,863,e3bf03514e8f213611bbf36afa05d3817fd264f73a9d427871ef9d41081f8ec9,6ef51b8d4868ea99a5ba22c615bc26bb7e79f7bbdabf6c96b8b8813548b24e2d
gemma4_12b,arxiv-102,1264,1957,892,d3b9ad4aafe94f165f89770d23ab98b8a19b48d541fa8bccf3735be95594ac9d,c6bcbd53463ea0f4190e422ee9703ca6688eee0a4b623d49089d6c20be544645,1264,1860,892,d3b9ad4aafe94f165f89770d23ab98b8a19b48d541fa8bccf3735be95594ac9d,91e9c873b3e6b7422149df8edaf99517761662e78f79f923a1eaad8ab8a29188
gemma4_12b,arxiv-105,1200,2014,960,90290337275bc10d0aec290f5729320fddaa5ecff4700f0600106218a0f7c590,892d991cf42ef4776d93002842bc3a9e90690a0ca69398222ecd3ed1dc081ce8,1185,1882,947,1ac4e191e704400e06f26fe60530100a4c95899fab9bddb4d43f71828f3141cf,99a0bd90072b349c6cb3045f4d4f550f46f63f35de57a6ee17359fb9795d7cb9
gemma4_12b,arxiv-107,1364,2178,947,704029859ebeca829458194c14ea89d02187a244acf2c768ab7833c3196372c5,e53b9332f71a6ceb99f865160bb031ffd92cfa8f4e918c1b328138c97fe37e5d,1360,2137,947,83f595b3eba635637aa408c440cf904119829766e9aef47bc937e063db297c4f,4eb16e3e3ee44e8a7462a553b2d5243dd18b6653beedfc0e5430384805309b62
gemma4_12b,arxiv-109,1149,2279,837,2012ecee9710280eca816748e805a1f508bcea64d62aeafe8d738179a33b7782,7df748adcbc6d4f0e239da411d9d91cb6d28f3d06028318869f000e1ebcc4070,1149,1969,837,2012ecee9710280eca816748e805a1f508bcea64d62aeafe8d738179a33b7782,9682d197e3920dc642e3bd5f1747a5c42cb8458a2d859d01dcca814e2bcb4c53
gemma4_12b,arxiv-115,1533,2669,1066,168663d56cebd9821a511479f514a301ab86d1f9db7d3790e72080d4c682fe38,ed7b091d990e3f9d50045105ec2eb00edc9ba4a53b44a25799387d39437ff994,1521,2460,1058,a9bfa560fef9bfc0dd9a04117b57563c09d60a0cb6597509bf0bf6c4fca279c2,ff5f4df763aef3a5a35d4ce3f1c5c6b939e5e52a8bb44ba00b34b58d6312d608
gemma4_12b,arxiv-121,1371,2311,946,c43e5a3543b149b537a2b1c6b6dc8142ea90d2c4f96404b275e00af5dea0a55f,62c1d2e5758ad67d4822d0f9d0b5419b9488dd6b5123b7339291fa47f2286a61,1371,2027,946,d20e685abf88e9c9beea4124470b3a5daaec34169fe689829d5b32a90e468a79,125eeec08140122d1050b97b21287d354fc59a2b34e07ce419d57192dd593a76
gemma4_12b,arxiv-126,1414,2102,1079,8c74f62bce7e6db191fdd0a179465da9acf171ea2f9dcad32dc7c15cd70af88c,20a0acce4c59f588cb1bc2181dfd485883ec79a048a8d618f06c0ea46aeb3401,1385,2024,1057,b70286ecc0af7c5c454d4f861b53a527b5af1261e488b052f3a75d2440525774,15bdc677e10fd1f9f73ee617295d7c710192688895968e457420e3eb9ab94569
gemma4_12b,arxiv-136,927,1708,617,44567af8b75efa3b95e5790caafe309bf3d43c3ba7b629d70ccf4fd17ea59b5f,a85d38990d3ad2473f5f7e4bc898fde9e7c0b6b8ff65f13b1085935a13c195d5,927,1448,617,44567af8b75efa3b95e5790caafe309bf3d43c3ba7b629d70ccf4fd17ea59b5f,7b8e96f3acc526aaa563097e779da6aaee90ae20cc4d3bf5123259c73116c6b7
gemma4_12b,arxiv-140,1013,1781,776,5817cca6e1039c760ff86e3ab2e82177af24136b369285452157346cebbef105,fd0ce26c470c499880133a40a106bea94cc5f66d824d12d83db1b314c704fea5,983,1525,753,f64d03a05952f2aac0212c1fe91e1aba16fd947b3dbe131b21b3a6f7a8277653,3b9d430ed196fc4f9fd642ebb4507ed466b01a29ac7b794973ef8ddaa6f6e7b7
gemma4_12b,arxiv-149,1179,2068,796,381ec9801330e1fb7007f3a20212b0aaf2bc3f10ebaa8b312461dbef3246559c,485a02e96d8db198396f51161a69bb35781e366f41f30494a2c97b22960cbbb7,1179,1771,796,381ec9801330e1fb7007f3a20212b0aaf2bc3f10ebaa8b312461dbef3246559c,1cc6d15f3538d80d04faa19f278d8bf702d1f1a7ae42b8d6670db477d0cee1a5
gemma4_12b,arxiv-500000,1298,2003,983,f9a259d26d57162e7646f66e8f81bd2338b540dd683e3d94533854470c113a19,7945891a5a50520dd4d3ba57b2961fc0553f2c8b51efe77eba07eae799024313,1298,1948,983,f9a259d26d57162e7646f66e8f81bd2338b540dd683e3d94533854470c113a19,8dedf5d089d823dbc4417119d299fed7260e40d377469b868c824513e353b319
gemma4_12b,arxiv-500009,1238,2212,853,0761dba6c8011ddd38ed1c215eae09f681bfe70f7866a0a678d78c10fe59592d,0f436fda4b330715f7f66f0c270f1483ce15e5e113abeaebd0db321fe9d41c71,1226,1924,844,75c44e5225e7990f5f789005023701870d9f18ff8dce5fe4b652abf2d5859451,269448125e02873f2beb53d60df21643f2b7c68175d27262942f1108a63be0b8
gemma4_12b,arxiv-500010,1046,2081,763,2d7f35c32f7993846ff4d5f5d39005ccc41832b648a4a01173b8fb411df585b2,674b30ccdef12ebf0a2fcf6e909f3ec229ce2317607443bc821640404ca9640f,1018,1584,743,fbfd19cf6b50036102bcd8631031ae1e2dd6d90ed45dd7b57ba385ab7c7f5541,989a876c799e2405acb2d6be61259b64f2c38928ec091cd0344ef11d438ef1ab
gemma4_12b,arxiv-500027,1145,1849,777,ae96150cf9f5f49375214510c50296efcfee1ca06128cf6cf139933c66b2a1a8,4ce2100cc63ce2dcd689533ddcb017caaf9bf38af58188237ccc1a0be35b1466,1142,1785,775,549b1215891eafc66fbc6df04c04e3e012101821bf70ead457f62ecffbdc7469,0cf5dc1c87e4645a441a4cc2a03880a7c2d0d805d45782651e5f618f74f0b2ed
gemma4_12b,arxiv-500028,1258,2160,1020,8a7df190cb4b52b50732f6ebac6311ef5e7db23d040294fa79f1fd5f76517e81,53f696146163add16cf831368f94533265cfcf8fc5142b6db8305ce45c44f26c,1258,1920,1020,8a7df190cb4b52b50732f6ebac6311ef5e7db23d040294fa79f1fd5f76517e81,94c0d6f2cf7d9c27e84295f8a41a52ea18aa87ddea13d06a59d7ac229191f4ec
gemma4_12b,arxiv-500030,1284,2161,974,d32f2c3b6e0cd4e4fad01d3858aa660cdf68c783ea2e09c45f252e2a788464e2,aca3e85b6c7e9b104ee5a17b3b99a9c7def581e75a54d1373a8480927a445b20,1284,2105,974,d32f2c3b6e0cd4e4fad01d3858aa660cdf68c783ea2e09c45f252e2a788464e2,e78c95e73343572e321af75af0bf336d9358f7c60f01d8c0a5622aade05a26bd
gemma4_12b,arxiv-500031,1085,2025,744,43d7b42a3ab507fab8e1f04a07842c34e785ba4a18d7971b4ae4910bef1096f0,f798fcbff3a67ad74c6a43293738a67441222db1a0af6ead57fba4bcb62f83f4,1083,1843,742,3284eb4f41de3e238480eb912925a25673fba903ac61e5962c098acffad5eb1d,19cf6b93adc946029e46d2de0103611319e8eaac985839737a6527739acc77c8
gemma4_12b,arxiv-500036,1169,1986,707,72c467f526f0d60cece95da424deffb80d49d38a8bbc1355b51fd779fa4a9855,866ff94896012cee7e47014361795bbf8da4f733e1d1a1aafe08946eff217994,1169,1760,707,72c467f526f0d60cece95da424deffb80d49d38a8bbc1355b51fd779fa4a9855,f2f343a624b0c8d4749b23d8b3ba4dc154e2fd63a34a28a8759c42b3dc1b3108
gemma4_12b,arxiv-500043,1124,2056,760,c23de43d64a7a573b4a4dc9c52d3db985b38cd9fe284cffaed82e2676a1b7a74,2391dfede62a8303693a4b9380bb29a17091146325d00b858dc6943bd9305c98,1117,1714,760,f2191676c0d18428cb7728e9fe876a74d6148bd22242e0485ae68f4cc5d01108,afebbabf335ed7be81fa066d5d44749207bb19d1936a6fb85b6fdab81729e280
gemma4_12b,arxiv-500047,1157,2218,793,d8f43ee7af2cf721e5083c232cb370091e69b4c5f7798a46c84e4b9db53fa1d2,52bfb1ae1be479e0c551dffcdd49825dd3b56a09f0fc998009844b8fd57c203a,1157,1882,793,d8f43ee7af2cf721e5083c232cb370091e69b4c5f7798a46c84e4b9db53fa1d2,2c2dc5bc70e36ac32621a2389e3e61f49f305f5695f47c5bf90bfc8431f98c60
gemma4_12b,bethgelab-10000,1652,2402,1139,73aff3fdece1de16e1d54487be64a6ad66ee98c6d2619ef29e5d101af0b986dc,df2873d584f3886f74845a470963fce045b9c260da5dc5cf656e4d08677ade44,1652,2387,1139,73aff3fdece1de16e1d54487be64a6ad66ee98c6d2619ef29e5d101af0b986dc,ec6e09d3e8adc4db2c4feb69314dd6c46ae66d3ad9655778b4deb90067b7b38d
gemma4_12b,bethgelab-100001,1505,2343,910,2532c757328184c0a19530d90c9a9516cc4eef9256ae8725ee2f351deb36fb19,7fd3d85e507684f9738843f8b455d2778a45591e926560e4664bc659c0548f47,1505,2262,910,b5dbc6e5fc8f92dca96b4e6a1aa96701dff73a4a61687c565e32b153ecf69fe0,57bdd7cd270742d6a454dfcf2cab8a885ea4e3760fadb248f67a122e71bed613
gemma4_12b,bethgelab-100002,1074,1767,825,eabe4eadda0855bd827db3b31b8eb784ff9afcd146864e3683ef2dd23ba6d35e,daa2e034ad425882d63ca0456f1093db3001ca775a2a604aa7184e843a791d7a,1061,1677,818,01fa51a189c3eb7a9d466514b846001d63974dbbee18c6062405b0ca274ec5de,0c475407f37d71b0a2651e42fb7b0e8b81bd41d7d7404c7a7470a19f69b65f4f
gemma4_12b,bethgelab-100003,1414,2157,850,68c38cf7ae8ce163631ec8e37a0927ecafb65f9bf3c36f49318a5033f833fb51,63434c149f4056a9d3933065e84540c45af62a625324b8bcfa6ffee7557eba3b,1414,2120,850,68c38cf7ae8ce163631ec8e37a0927ecafb65f9bf3c36f49318a5033f833fb51,7b89ccad80f937b29c944f4d55958830d5033a32b0bfd9914c6b5e482e338436
gemma4_12b,bethgelab-100015,1258,2248,818,b36823a002da66ec763cab36c33e8540243711ae5b82fb2ebe99d51fe8644729,1b1f0488d665796e01a35a0f6d8824782ce8c0ae7f251ce6eb54601fb137c7e7,1258,2014,818,b36823a002da66ec763cab36c33e8540243711ae5b82fb2ebe99d51fe8644729,4950175476abae24510870c0489addbf875326f5c37c3f30fcd1c1fde3e68f45
gemma4_12b,bethgelab-100026,1407,2155,956,090d50686bacfffcaf8330e9070ceca34a9415bfae65a3dd5a2f99f4f3cc5f55,d0a8fc956d643c5d4572b95f398fcc28e31f61a75dba237d9ec96259a629f630,1407,2091,956,090d50686bacfffcaf8330e9070ceca34a9415bfae65a3dd5a2f99f4f3cc5f55,3c0b98b06e16a570436312e1f1ce5e67379c8f3ef8b7b9b116ceebc3fcdc945d
gemma4_12b,bethgelab-100027,1447,2226,1000,be2aba1c6e82b07860e20e0c5da1cf2f397c889ce2ae9f5c5b0367032621dd9a,b0d323bac0a5fc0f2253b39c018195852983349118d596ec06cdfbf6076e86f0,1446,2152,1007,4be06ac8c603e12c7ff73b8ab6b3493305defb62b28e383673d56a06d8314012,f63647a23afcb95163924382ee8c8a46ab4107861410d0c6c08c90749ed32834
gemma4_12b,bethgelab-10003,1061,1834,777,1903ddfa760e5ecc18e18e19db0c4d60ba886b5c5acbb7374a3714c7d2065fdd,f43ffa685c1bf0f1336a6b0946ab6e3bdecde5434ac50551a5f685f45fe0cbb8,1039,1558,762,93816ad249e0ea96ec178badd09c04032ae9cddd1f412996062ef887080b4c53,69383c43da265d17d38b429a4fd52525fe88ba2b9d1301a70e62f9598e1b2c18
gemma4_12b,bethgelab-100037,1491,2451,1072,04ea6fda7d67288bed30ab46b4f66b5e04aefcd2e9b372d1f912cfb22346c189,486ab926a43dfae057993eb6060ab592359b70b04a3d7dd7109150803696ce80,1455,2209,1046,c16e80fd7d24c528d4b7bee2602ee917a88f1ecf096c774e326d06fbec6f12ce,9f2e215d85e76cf6772653f4ad0f44bc212fe546e89c99909ad753ee105f9c3a
gemma4_12b,bethgelab-10004,1646,2783,1010,f1b2e65370a1aa098bd6fb0cb4280baa192018081f83c16aae00ab6c60c4eab1,1c193ce4e895d69af42f479c7031995824938aabd65e839f5ebdc9ed170e7f58,1646,2494,1010,f1b2e65370a1aa098bd6fb0cb4280baa192018081f83c16aae00ab6c60c4eab1,4b875876642cdbd477f0a15d25e5f3b4c1488969638387ac7f337a2dd4809a42
gemma4_12b,bethgelab-100040,1292,2027,873,c151764bd14e3e7122e0bd2dd661fb77d597c38542e758418b74d6ff8abcb58a,04468fef887cb1a25523aeed95064365345953c2cf057e3ab1c0adf706468e62,1292,1968,873,c151764bd14e3e7122e0bd2dd661fb77d597c38542e758418b74d6ff8abcb58a,104a42c2c48deb78d0d979fbcf866690bc1d53cce1e0886e63763a439136fc12
gemma4_12b,bethgelab-100048,1508,2649,905,58eb5b0d90ca4b08a66e8189e3e5b45a85d66aa0362c35a2cef1b7a4c326be7f,bf2092ee27d2e15aca618bb0e4bc5b91c2d276d4135f6d8bc4a68f53ccd8b7b3,1510,2657,907,cc852264b6b27769eb95a8031d851e7407a2383ea987dedc539ddf1fe1d4351d,460790e8d410e204ceeab2f26e92b4e73d2abd30fa38926138ba4f8cd9485435
gemma4_12b,bethgelab-10013,1478,2371,991,b84f1819b4c2a6efebbac988ac39f2e94b2e88334068bb2b5239f9a3f468fc64,aea04308c1593fb8f7517ae3152e896a1447dc71a4dd17f2f252a01c55863181,1478,2294,991,b84f1819b4c2a6efebbac988ac39f2e94b2e88334068bb2b5239f9a3f468fc64,99c3972f9703f26c8b521dfd4064f5a99fa42f712c0945cae69b19eaa6e6bf6f
gemma4_12b,bethgelab-10019,1487,2300,1041,33ca5eb7d071666dae2c8e605be2231c37c66c494273a78a326360454b3236cc,79f9c7f2fc74ed2c9faf9327007be95e5472da556689835a0f3eb625b0f066c3,1486,2224,1040,9441f7d53715f027f589fe76abd2b605463419d8c968c7b8360b15bbc7e4c510,571af9407f2f311f1cbe91536ab45a034dd58d8273cdbbe84d05ca667f2f143d
gemma4_12b,bethgelab-10021,1411,2219,996,f4c6eba5fb1bba638aa2f54ccded33d9ac460cadb8baa37fb8e4861855bcda77,8cdd76742c727a5bba3dcb6ac73abc02e9fc934816f8d00fef806ff0faf413dc,1400,2113,988,38fbb67a16e11146f0c7db0f6a3c54bbd7899e70419a25ceb8422e89e595483d,94d33e629e296a0431c030e3081c7777b6a403b48221c24ed1e33e19d9a48bfd
gemma4_12b,bethgelab-10028,1336,2122,930,ced7613b0bdeb1b665a99a31dc6204978f5c2c001940d75de0075fb4f4aade1e,b041d0070b1cc8edca2f150108c244bc497b19472e854e9ade6d6bd85822bf2a,1336,2040,930,ced7613b0bdeb1b665a99a31dc6204978f5c2c001940d75de0075fb4f4aade1e,eddb172a6dc17a9136f878e84ade9b505e4982af0f499d1243075f7a2cb88488
gemma4_12b,bethgelab-10033,1581,2343,1065,8f691e49990b1ab79b06639921ece7faedeb2820eeafe679f0a61ed401dd5e0e,47faee62c3042f908810b58c1eb2535a72888298ff9b0830528d68c8e5d01ac9,1558,2248,1046,5f3c9c2b2a4cdaf52ac4ea25a375e99fe6a3c699e2448f8e7d6fb4ac5f00594f,8f543cb2d3ef9f34ca4a6a01556c732599333d43e676faeb35e0ae9d337e9daa
gemma4_12b,bethgelab-10038,1218,2121,868,04fe56101b16d75736bd30e6ea3a28515ff82d20c9fadd89e698ca4ad45ebf03,948f8f57b16230bc0e2dbd7915f619800daaa76f661cc89c28cfa161d8bdff68,1218,1983,868,04fe56101b16d75736bd30e6ea3a28515ff82d20c9fadd89e698ca4ad45ebf03,d6690cc942aab77b44b8c329f89341dd55d7782402a890831d71761ac4ba880d
gemma4_12b,bethgelab-10047,1058,1690,702,65e3fd1f34596b9cb852f8e10ad00529ee48e1112509ff07800d7b252647ee6e,4b7f6dd12ee73e1c32ebff0b2cfaa311909134d7769a882af7f17f0fdab88ef5,1058,1611,702,65e3fd1f34596b9cb852f8e10ad00529ee48e1112509ff07800d7b252647ee6e,1c1e13d918e0b0f942c8fab171dc83a3f19e15b5a6b0ffb99be9d05c308487a8
gemma4_12b,bethgelab-102,1630,2458,1085,3358593cc22cce41efa16e9d480224401eab4e677e0ffddfaceb3d3c91f12589,ff98193bf87f84ab2589a982cad3aec21b3bc8af33e7dc61c249c828686f9048,1629,2383,1085,5431bb35cbc66f714efb64082cf41c7f9ba3eb3259ed01491f46aa387e375d88,c4101f33ee1d305679451801d256e7145af34b87afa5eda496d2533acf657970
gemma4_12b,bethgelab-105,1578,2515,981,069297cc6c96dc7219df019fdc2e3097069a4af250d905de5ab5aa0c059fcd1a,f451b54d5fc2c46fb8c65ae9895a777b532e5793849f8ed14f513aec44bcf72b,1579,2404,982,433f6ff62c63972946cc34f1407034cae25d5e63766eeeb11d5078a54bd86f06,6a73c8a45dc25af2b3b6dcc43ab0fa1d5f6bc02e7f785593a93862eeac2b02a1
gemma4_12b,bethgelab-108,1319,2120,843,8697ec58d5acdf72be142ba854b2e524bf627ba138465f2300ab10232504b4ad,cd28e1827f7212460efd846c347178d2034c8eaa5ff0e26571f7cea3cfea8d43,1278,1942,820,1d08ed4150fbf616c7e1b3845c1809f6e2864c2e749012855331ec1f8e2d3f3d,74e63626005afdb318ddda5a8e1e864a28b628bbed6f0d5ff40eca5cfbfc43fb
gemma4_12b,bethgelab-112,1232,2113,856,ff7a2fead2bdb79beaebd0606577062f1761b8cd39ba3acce719701ba5179059,67f884feaba94a71e68c6876192fb03fe40cb5cd7bdc96f3e7a8c7eeb989401d,1232,1983,856,ff7a2fead2bdb79beaebd0606577062f1761b8cd39ba3acce719701ba5179059,264e3f7ccc4d1299dd78ba3e8f7683ed8f538783fd2f04fcb93bc0c00b7e1992
gemma4_12b,bethgelab-116,1401,2206,880,84a2447b7e8ec2b3f791c33a4831b4f0db203ef778065b58e6c4d7cc98b7efec,afdcf8badd595e7f20b04beeda32ff12c689340a5c9f8965178ddb778fdf0739,1398,2131,880,0972934ff30f398097abae991153223827635083d7496e1c618edc8a872c5765,1c9b4a21e9dcde2814c6e55dd37b4d21fdcdb1b7c9314a3759f292ede2fa8c1d
gemma4_12b,bethgelab-122,1505,2345,959,2e9d0c1c9a1a8cd3e3ebdf206ce77337c7b853d16f1b44037c29f3a6825f3c0e,c7f9e2cf94152764a2d6f4a136f6cdc239e5ce1e11afffe777a2225ed845eaf4,1453,2218,918,c1e9ef1c8a4d2c1826210c8aeb16d277d23e0387bbd6293d7d3e02a07c1b437f,e168a11651be889fa6888b67728470e0473a037d398d92f8a6c2e0684f365aba
gemma4_12b,bethgelab-125,1575,2468,984,513d58f6da57a183945c5b2ae9f20589cd4da65de791e6212d53d1fada50119e,af5af6c43daa748d5f8906c342216bf27d6f96a7a7f435c3396c3bf176078b3e,1575,2365,984,513d58f6da57a183945c5b2ae9f20589cd4da65de791e6212d53d1fada50119e,95ee406dd79a65b50d0d2df26cd8d1417614879c3d89606440a7932da5451d64
gemma4_12b,bethgelab-128,1349,2071,975,c93bc7117ef2b3e99c5e76b90f92348a8999be7586fb21842c80a07d78c9b30b,ef299d9cb12074a3f3b21069d7d7a15e07d3cbb85ae4b672b35ad4c4bf70d019,1349,1978,975,c93bc7117ef2b3e99c5e76b90f92348a8999be7586fb21842c80a07d78c9b30b,13c2ae379fcc76167e0e8f36461030b6781985b739b1b43f589b3dd8ecd38bfe
gemma4_12b,bethgelab-142,1474,2406,989,60abf84ce9199897384dacfcca9e72ea4249ec03ae135b97c9745ef4f65517d2,9ab61462349d5c7abec314d67f329d2a5f8dedef3ad47998a56b7712bb3e2c52,1474,2262,989,60abf84ce9199897384dacfcca9e72ea4249ec03ae135b97c9745ef4f65517d2,b86ad6cf29e5e208c0dd1c8558021b220bcefb8bf2af948ebc4c9993b113b20a
gemma4_12b,bethgelab-146,1138,2127,788,5d80f146eefdcedbd558b9fdbdbb820c39cf6a28f3d7bd0e993cbadb9f6446e4,140f1538113ee516da435f832caa98989874ed8cdb73005cf7e94f73ece30a81,1138,1728,788,5d80f146eefdcedbd558b9fdbdbb820c39cf6a28f3d7bd0e993cbadb9f6446e4,f8b9ddcc011a47b8d2e2d82b24ac008481f9935891f611a454ec5a14c1dc6818
gemma4_12b,bethgelab-200004,1450,2413,945,2bbb95e4eeb1a6243f904c4597608d6339e043c65c97a789c77ad817b2ed1144,03feba5102599cdefba584b6496e537a20b9b4a710df5a77c8cc65d5a4970a79,1455,2464,950,ea9b37875a7e5242eb2cdc5296061147bf08862594bec951b4c0ce44941f22f2,b4bf3c9ee7d7ba4946fa59f16bab348c71c9ecc37958bc6c5a376297afaf7ed6
gemma4_12b,bethgelab-200016,1629,2648,1152,c7134031ad80ea95c41d290bd704aa3cddb5451bc0b7fddcea9433a1f173c899,fd63ab6750176ec29ba9f664b48d788b1e1ef7f7ffe9fcba463bbfcaa445dd76,1620,2405,1148,315472f22588990546b2dbbf84a919776c3de8999c104f0bfbbca7e44caf5602,f7796d94fa43268c3f4dfc72b209f04c17dc3abd15cd9c4cb802929e20ab94f6
gemma4_12b,bethgelab-200019,1329,2138,876,829caccbdb2daf1f74203412ee12fdec1935471ec60c2cb0c27afca1c23c3cdb,5ad1df4d8fd974ef91d84d0edef042704fa893f9dbbfc786e7cb69389c3545c3,1331,2074,879,d7b920b6fd0dab2d2ffd05b06a153adad5cc6d90ce81103579e0b7c757fc59b4,b155c4471a6e4690b3fe6cee7c82a4aa67d0249158c17103b6eba355890df93d
gemma4_12b,bethgelab-200021,1635,2505,1040,d6add9bfd2e3440a61141aecead7eb6d950c3724a000084e5d8b4c696bbe7f2f,c44f50537f6ef2a685e4e05170befe457f88cb326aaed42db651c2e7f3fd33d2,1635,2427,1040,d6add9bfd2e3440a61141aecead7eb6d950c3724a000084e5d8b4c696bbe7f2f,3d2fdd351ced7a2ef9b226bbe385f2594ec96e663f72166163a9869aeee0684b
gemma4_12b,bethgelab-200024,1378,2191,936,fd77a74401e00b9e9065f2c58834bf480fc2837933805f4a0bbb7159b87234fd,2b88dad989b7881dc61bc5ff87395fb27d77e512f4581ba00d76987bbc77ac0b,1378,2028,936,fd77a74401e00b9e9065f2c58834bf480fc2837933805f4a0bbb7159b87234fd,a85e5378b044976c75a041eef462139aaedb8a9cb8c57404c3c6f113cd81183a
gemma4_12b,bethgelab-200042,1232,2184,830,3d37d4f9e87f89d99614264da98b379f25c8f8aa71ebb8682d69bf1c39e19f17,ff102c28ef1a3f200ed7fe539cdb089d9f71b605fd1803a2e11d49495d12ab5c,1232,1919,830,3d37d4f9e87f89d99614264da98b379f25c8f8aa71ebb8682d69bf1c39e19f17,fa8f1571242af854be00f3d76cc958e02d9d0dee57cd354fe7309e693cb1c6a7
gemma4_12b,bethgelab-200047,1482,2411,868,a74a9435321533f8b5f05a465b82e9201f128c2035a3fe44ff10f8a694ce1e10,47e30696c5e47ae5b4d30c32d251a1ee0f5d01c659ff233c59d86a78e8bf3af1,1455,2270,852,4aacde81736d6370c718cd339dea174e3d2f0e50815e2b187acac7a158f2edd5,2dc8dc373102df11afdb8b876f9e318e4f92ee081fcf8df8883454cfd076222f
gemma4_12b,bethgelab-200048,1523,2549,1085,0b38f6c144c592fab24bd76e650778170c4b892f93de3704adfe8d48721d9821,819a5a821bd28d252dece6f98ad1d3d7e955cb0cd9ae0295710cc2e0f65aec02,1523,2534,1085,0b38f6c144c592fab24bd76e650778170c4b892f93de3704adfe8d48721d9821,ee857dd09c6919598940902eee87a4cf3025b36eb698a34c40d884929f5eb250
gemma4_12b,bethgelab-50009,1196,1909,779,47f81c0e192db74df053994ae58928189594bac8859998bcf605faa5aac8d4e5,df136fc9752f3a1dcdfcbe0d069f916382169aeaeb01053ca09745e786a220f7,1193,1845,780,a61264606eeda3952c3ed12f75711ddfca3a0d4baca08123f04aab43f3d11079,49da8c240257ea6787a00cbddde1e6a0733ec051e40cf83c3c2d6bd425c98dc4
gemma4_12b,bethgelab-50013,1250,1991,852,3c2b05bffa787d8ccb06867e7d8e7d482881c46bd158b2332bda1d7fb2158a4f,652e25c97724347d6dab25d2ba9babea50fb87a2781e84d8332820dec8720f1a,1250,1917,852,3c2b05bffa787d8ccb06867e7d8e7d482881c46bd158b2332bda1d7fb2158a4f,0369c516f6e78c179b92a77ea791ca44545b0c73e49c7ccc44c1d935457f96e0
gemma4_12b,bethgelab-50015,1142,1799,773,43c067d29b97f115c49d573ae6de6cf9a26323b4d6c68e652a69f24d1ec31433,dee67a42ccff3624d0b0070661cfe79f25f67ae2261fa05386732f1cd6f455f6,1103,1684,746,b3aca5fee6ad0f175651c2428423a0ccfe574120c5cae0f2e0ae4d824807ce26,e4a74715232047ea277bc833a4639541dbbc85ae3d8f8c0023c394c600a53168
gemma4_12b,bethgelab-50024,1633,2781,1081,682d1f05c38e75002967004e765b692a29dce5ed6996bb4c8c64b0501a87dcca,b44eafd5bd971bb2565c0213878f5d8ba3c054945c0ec56f5a539166e9b2abab,1633,2703,1081,682d1f05c38e75002967004e765b692a29dce5ed6996bb4c8c64b0501a87dcca,401ff50d06c0ca54ac58b5288953fb6f333a5d6d1483adb6f9b205b8047aa78e
gemma4_12b,bethgelab-50028,1410,2252,1001,045d4a5046b95af8405b9a395ccc957d03bcfce025bbf8ea5d23f64da54924f7,1374197f116406bdfe23c671a28c8975a20fbd399173563cb5818d4692b2a237,1410,2178,1001,045d4a5046b95af8405b9a395ccc957d03bcfce025bbf8ea5d23f64da54924f7,3d01aef95d0b19b56edf888c6d663759a2cd1b6b247c98f9f6c8269aba1a7777
gemma4_12b,bethgelab-50033,1252,2164,840,36f70bb81780af1fc90a3eef7bbcdfced463a924c4e8286ea6d8b9ca57834291,cc1092e5ce6e74307435a3e64ce9105c83c5c0c72e725ce7510cda16d9a79b24,1252,2222,840,5b48644673f9b6cc0eb896669b2bc648e39e0d09ab794caf27805c2347e43839,116a0f3195cdcb21a17dbb01386642ab9e70d0e8f65ab0ab5c0bec981c4c1b30
gemma4_12b,bethgelab-50037,1553,2315,1028,f78ab94bcf4eb13cafe1f3d64f442c1aaadd453de8aaf20ffde2d914c4c41ba5,6f5073a7b7007eb07193ea7c2c2a53d6b182e2a4363f58fc36691b731569ca94,1553,2236,1028,f78ab94bcf4eb13cafe1f3d64f442c1aaadd453de8aaf20ffde2d914c4c41ba5,340f9c233e305b7bd8c5b9806ab4a1bb22d31a8cf528347116fb0c7ff8f55e73
gemma4_12b,bethgelab-50039,1502,2702,1041,e545a84af01e6f94d252e441cbecda4085bc753f72eafe586f57106df30ca203,f6b9f7a083906f1eef749be151116863d57e00b1375d07c95535a80a0f559881,1476,2458,1023,00752d0a5b5f0bdb69333dc0d969c64cdac0ae38c6009b1d7a8fce3ad587acee,22b4607651f5e928352404db9fd6fb15998909e113260756fe9cb27a22073460
gemma4_12b,bethgelab-50043,1125,1837,830,a64da64130121be23ec385bc68518c555610e709b8eef0eb0036a41ea5d37093,06eb29ee3e6a24244111fb815fc8458b65d5d12f491c742e2dfae501f30702c2,1129,1761,834,e8a5c5f3b2a44caac514dd99f71d2bf797b93b7a6e72dba5425bd54d8693476b,a6527abee1246208ee7fc808e32f363ce7179c7eb2abe8cb070aff2b6e93bb08
gemma4_12b,bethgelab-50047,1300,2282,882,ead6c0bfdc79bf6effd07afdd234be6e9aa2074d7661ba31625ebede5196641e,27445e78caa9c9710525ca2cf628551b59fac4d88fedc21a7134d1e2fe04b52f,1300,1933,882,ead6c0bfdc79bf6effd07afdd234be6e9aa2074d7661ba31625ebede5196641e,87c8eacf511fe1500790bfcad0bef03caa010125d4cb7526c9deb4d91d100aee
