model,runtime,phase,batch,cache,seconds,input_tokens,output_tokens,output_tokens_per_second,mean_request_seconds,gpu_memory_used_total_utilization
gemma4_e4b,ar,generation,1,cold,5.894742493983358,13517,512,86.85705957852915,5.8716437830007635,"83207, 97871, 100"
gemma4_e4b,ar,generation,1,warm,5.636773454025388,13517,512,90.83210531272381,5.614788355014753,"83207, 97871, 100"
gemma4_e4b,ar,generation,4,cold,8.404993095027748,60191,2048,243.66468560355653,8.337782965507358,"83207, 97871, 13"
gemma4_e4b,ar,generation,4,warm,7.322642682003789,60191,2048,279.6804499328075,7.257839725498343,"83207, 97871, 93"
gemma4_e4b,ar,generation,8,cold,10.897928170044906,113876,4096,375.8512568708848,10.764921534369932,"83207, 97871, 0"
gemma4_e4b,ar,generation,8,warm,7.446598365961108,113876,4096,550.0498078052774,7.324035556259332,"83207, 97871, 0"
gemma4_e4b,ar,generation,16,cold,13.824057916994207,214362,8192,592.5901098786197,13.567079646443744,"83209, 97871, 0"
gemma4_e4b,ar,generation,16,warm,8.673990143986885,214362,8192,944.4327079019087,8.474521341067884,"83209, 97871, 46"
gemma4_e4b,ar,generation,32,cold,16.868345291994046,384729,16384,971.2867336060566,16.430940664402442,"83209, 97871, 91"
gemma4_e4b,ar,generation,32,warm,9.25892128504347,384729,16384,1769.5365902360707,8.924548036095075,"83209, 97871, 100"
gemma4_e4b,ar,generation,64,cold,23.799296548007987,740512,32768,1376.8474179016312,22.855314423261916,"83209, 97871, 100"
gemma4_e4b,ar,generation,64,warm,10.927906110999174,740512,32768,2998.5616335977024,10.218889886145007,"83209, 97871, 12"
gemma4_e4b,ar,correction,1,cold,7.522935674991459,20784,512,68.05853753369774,7.489673950010911,"83209, 97871, 100"
gemma4_e4b,ar,correction,1,warm,7.099828185047954,20784,512,72.11442117405856,7.065613326034509,"83209, 97871, 100"
gemma4_e4b,ar,correction,4,cold,10.446018835995346,84805,2048,196.05555304408531,10.341774663495016,"83209, 97871, 28"
gemma4_e4b,ar,correction,4,warm,8.771731661981903,84805,2048,233.47727437631974,8.667360580482637,"83209, 97871, 100"
gemma4_e4b,ar,correction,8,cold,12.011020072037354,160601,4096,341.02016110486954,11.789161240623798,"83209, 97871, 100"
gemma4_e4b,ar,correction,8,warm,9.0099348470103,160601,4096,454.6092807051924,8.821047063000151,"83209, 97871, 100"
gemma4_e4b,ar,correction,16,cold,15.623654227994848,303285,8192,524.3331605048819,15.195172646624997,"83209, 97871, 100"
gemma4_e4b,ar,correction,16,warm,10.047649412997998,303285,8192,815.3150715432542,9.713334010812105,"83209, 97871, 100"
gemma4_e4b,ar,correction,32,cold,20.868290378013626,559013,16384,785.1146262207384,20.10704724943389,"83208, 97871, 100"
gemma4_e4b,ar,correction,32,warm,10.911753777007107,559013,16384,1501.5001561457364,10.37153210725046,"83208, 97871, 83"
gemma4_e4b,ar,correction,64,cold,32.478981685999315,1080568,32768,1008.8986260959429,30.92378011656274,"83208, 97871, 100"
gemma4_e4b,ar,correction,64,warm,13.510166348016355,1080568,32768,2425.4327560379147,12.280485875253362,"83208, 97871, 0"
gemma4_12b,ar,generation,1,cold,8.81353714701254,13521,512,58.09245385362095,8.790711326990277,"87423, 97871, 100"
gemma4_12b,ar,generation,1,warm,8.167092901014257,13521,512,62.69060560538201,8.145842925005127,"87423, 97871, 81"
gemma4_12b,ar,generation,4,cold,12.615969627047889,60207,2048,162.33393552321255,12.535721570515307,"87423, 97871, 86"
gemma4_12b,ar,generation,4,warm,9.798020870017353,60207,2048,209.02180421630115,9.734806457490777,"87423, 97871, 41"
gemma4_12b,ar,generation,8,cold,16.46674271399388,113908,4096,248.7437905080711,16.298771552508697,"87423, 97871, 100"
gemma4_12b,ar,generation,8,warm,9.98254077299498,113908,4096,410.316380683423,9.84071176762518,"87423, 97871, 100"
gemma4_12b,ar,generation,16,cold,21.854852079995908,214426,8192,374.83667105202085,21.54536967700551,"87423, 97871, 100"
gemma4_12b,ar,generation,16,warm,11.237987037980929,214426,8192,728.9561709150908,10.988038438183139,"87423, 97871, 100"
gemma4_12b,ar,generation,32,cold,29.795648942003027,384857,16384,549.8789448047033,29.25398186546954,"87422, 97871, 100"
gemma4_12b,ar,generation,32,warm,12.55661692400463,384857,16384,1304.8100534689816,12.137300273878282,"87422, 97871, 55"
gemma4_12b,ar,generation,64,cold,47.39937398803886,740768,32768,691.3171471055491,46.14569705237227,"87422, 97871, 100"
gemma4_12b,ar,generation,64,warm,15.991516907000914,740768,32768,2049.0864119122134,15.249592178093735,"87426, 97871, 0"
gemma4_12b,ar,correction,1,cold,10.747791750007309,20788,512,47.637692645063744,10.713141765038017,"87426, 97871, 100"
gemma4_12b,ar,correction,1,warm,9.678350313974079,20788,512,52.901577581951045,9.643628522055224,"87426, 97871, 0"
gemma4_12b,ar,correction,4,cold,15.540161530021578,84821,2048,131.78756192743103,15.407727383993915,"87426, 97871, 100"
gemma4_12b,ar,correction,4,warm,11.302964442002121,84821,2048,181.19140430005925,11.191865157496068,"87426, 97871, 0"
gemma4_12b,ar,correction,8,cold,19.186332287965342,160633,4096,213.48530498292385,18.91581030938687,"87426, 97871, 100"
gemma4_12b,ar,correction,8,warm,11.49554159399122,160633,4096,356.312050764185,11.30225117050577,"87426, 97871, 18"
gemma4_12b,ar,correction,16,cold,26.719624422024935,303349,8192,306.59113581130094,26.217870402444532,"87426, 97871, 100"
gemma4_12b,ar,correction,16,warm,12.552380816021468,303349,8192,652.6251967709572,12.17081829818926,"87426, 97871, 56"
gemma4_12b,ar,correction,32,cold,39.63206596998498,559141,16384,413.40262232123575,38.73156642994036,"87426, 97871, 93"
gemma4_12b,ar,correction,32,warm,14.03302530903602,559141,16384,1167.5315649470226,13.412148725679799,"87426, 97871, 100"
gemma4_12b,ar,correction,64,cold,67.11284014000557,1080824,32768,488.25232148783977,64.93329566479042,"87426, 97871, 0"
gemma4_12b,ar,correction,64,warm,18.019798606983386,1080824,32768,1818.4442964474142,16.822169859555288,"87426, 97871, 77"
