document_id,condition,latest_condition_seconds,format_attempts
arxiv-121,no_context,0.1997851700289175,10
arxiv-121,original,0.5061210819985718,10
arxiv-121,summary,0.31835423497250304,10
arxiv-121,qwen38_reference,0.2452567580039613,10
arxiv-121,ornith_raw,0.29854364902712405,10
arxiv-121,ornith_corrected,0.3175858670147136,10
arxiv-121,qwen38_raw,0.28288661199621856,10
arxiv-121,qwen38_corrected,0.2022758739767596,10
arxiv-126,no_context,1.8238245490356348,14
arxiv-126,original,0.30969632597407326,10
arxiv-126,summary,0.30969421402551234,10
arxiv-126,qwen38_reference,0.2607772540068254,10
arxiv-126,ornith_raw,0.3597294900100678,10
arxiv-126,qwen38_raw,0.23668358201393858,10
arxiv-126,qwen38_corrected,0.24460534699028358,10
arxiv-126,ornith_corrected,0.38092020503245294,10
arxiv-107,no_context,0.18349585699616,10
arxiv-107,original,0.39247787097701803,10
arxiv-107,summary,0.29211235098773614,10
arxiv-107,qwen38_reference,0.2471754400175996,10
arxiv-107,ornith_raw,0.3349943580105901,10
arxiv-107,ornith_corrected,0.31598916300572455,10
arxiv-107,qwen38_raw,0.2296080730156973,10
arxiv-107,qwen38_corrected,0.21231977199204266,10
arxiv-102,no_context,2.8777507600025274,14
arxiv-102,original,0.36269823100883514,10
arxiv-102,summary,0.29316909797489643,10
arxiv-102,qwen38_reference,0.23281940195010975,10
arxiv-102,ornith_raw,0.3248367970227264,10
arxiv-102,ornith_corrected,0.23823820700636134,10
arxiv-102,qwen38_raw,0.229391147964634,10
arxiv-102,qwen38_corrected,0.18199991900473833,10
arxiv-136,no_context,0.15468384698033333,10
arxiv-136,original,0.40277715696720406,10
arxiv-136,summary,0.31418362900149077,10
arxiv-136,qwen38_reference,0.31473098002607003,10
arxiv-136,ornith_raw,0.3214581750216894,10
arxiv-136,ornith_corrected,0.2700215840013698,10
arxiv-136,qwen38_raw,0.2783472769660875,10
arxiv-136,qwen38_corrected,0.21458296000491828,10
arxiv-149,no_context,2.8908909499878064,14
arxiv-149,original,0.530753878003452,10
arxiv-149,summary,0.2849056440172717,10
arxiv-149,qwen38_reference,0.22341981099452823,10
arxiv-149,ornith_raw,0.3100948149804026,10
arxiv-149,ornith_corrected,0.2587187649914995,10
arxiv-149,qwen38_raw,0.23606378497788683,10
arxiv-149,qwen38_corrected,0.2275194739922881,10
arxiv-105,no_context,0.20004436501767486,10
arxiv-105,original,0.34042317897547036,10
arxiv-105,summary,0.30159498000284657,10
arxiv-105,qwen38_reference,0.23590638197492808,10
arxiv-105,ornith_raw,0.4545256130513735,10
arxiv-105,ornith_corrected,0.4126979539869353,10
arxiv-105,qwen38_raw,0.29209468699991703,10
arxiv-105,qwen38_corrected,0.2711830330081284,10
arxiv-115,no_context,0.20444517396390438,10
arxiv-115,original,0.4681285149999894,10
arxiv-115,summary,0.3338191810180433,10
arxiv-115,qwen38_reference,0.23757383704651147,10
arxiv-115,ornith_raw,0.6434660669765435,10
arxiv-115,ornith_corrected,0.5930173289962113,10
arxiv-115,qwen38_raw,0.30028978997142985,10
arxiv-115,qwen38_corrected,0.25674894801340997,10
arxiv-109,no_context,0.16009817301528528,10
arxiv-109,original,0.48680808499921113,10
arxiv-109,summary,0.32857701199827716,10
arxiv-109,qwen38_reference,0.2875689510256052,10
arxiv-109,ornith_raw,0.3374921340146102,10
arxiv-109,ornith_corrected,0.2670360429910943,10
arxiv-109,qwen38_raw,0.26891398895531893,10
arxiv-109,qwen38_corrected,0.2265439410111867,10
arxiv-140,no_context,0.18003586097620428,10
arxiv-140,original,0.5505492669763044,10
arxiv-140,summary,0.3029880730318837,10
arxiv-140,qwen38_reference,0.30015414499212056,10
arxiv-140,ornith_raw,0.22574952495051548,10
arxiv-140,ornith_corrected,0.2179026390076615,10
arxiv-140,qwen38_raw,0.33813471300527453,10
arxiv-140,qwen38_corrected,0.2596932740416378,10
arxiv-10033,no_context,0.7482510209665634,11
arxiv-10033,original,0.5138216980267316,10
arxiv-10033,summary,0.3545443419716321,10
arxiv-10033,qwen38_reference,0.251004517020192,10
arxiv-10033,ornith_raw,0.3183951640385203,10
arxiv-10033,ornith_corrected,0.24484658997971565,10
arxiv-10033,qwen38_raw,0.32322453998494893,10
arxiv-10033,qwen38_corrected,0.2739289839519188,10
arxiv-10019,no_context,0.1981714089633897,10
arxiv-10019,original,0.5700004040263593,10
arxiv-10019,summary,0.3083389450330287,10
arxiv-10019,qwen38_reference,0.2590730630327016,10
arxiv-10019,ornith_raw,0.29026467399671674,10
arxiv-10019,ornith_corrected,0.24702533200616017,10
arxiv-10019,qwen38_raw,0.25749267800711095,10
arxiv-10019,qwen38_corrected,0.26290470000822097,10
arxiv-10021,no_context,0.17233185202348977,10
arxiv-10021,original,0.5134668580139987,10
arxiv-10021,summary,0.3081791080185212,10
arxiv-10021,qwen38_reference,0.27850324200699106,10
arxiv-10021,qwen38_raw,0.2903587860055268,10
arxiv-10021,qwen38_corrected,0.3040901949862018,10
arxiv-10021,ornith_raw,0.3202163690002635,10
arxiv-10021,ornith_corrected,0.2700970269506797,10
arxiv-10024,no_context,0.19083916896488518,10
arxiv-10024,original,0.4372111370321363,10
arxiv-10024,summary,0.327021776989568,10
arxiv-10024,qwen38_reference,0.26157358998898417,10
arxiv-10024,ornith_raw,0.3067200320074335,10
arxiv-10024,ornith_corrected,0.2684190559666604,10
arxiv-10024,qwen38_raw,0.24373528396245092,10
arxiv-10024,qwen38_corrected,0.23668834997806698,10
arxiv-10047,no_context,2.678192241990473,14
arxiv-10047,original,0.4310683460207656,10
arxiv-10047,summary,0.34487419499782845,10
arxiv-10047,qwen38_reference,0.24513013695832342,10
arxiv-10047,ornith_raw,0.6004677750170231,10
arxiv-10047,ornith_corrected,0.38828812894644216,10
arxiv-10047,qwen38_raw,0.2767588600399904,10
arxiv-10047,qwen38_corrected,0.2475837210076861,10
arxiv-10038,no_context,0.19997495698044077,10
arxiv-10038,original,0.6327185349655338,10
arxiv-10038,summary,0.312435696949251,10
arxiv-10038,qwen38_reference,0.2626220500096679,10
arxiv-10038,ornith_raw,0.4355306249926798,10
arxiv-10038,ornith_corrected,0.3763170029851608,10
arxiv-10038,qwen38_raw,0.267199334979523,10
arxiv-10038,qwen38_corrected,0.1984594669775106,10
arxiv-10037,no_context,0.17901223298395053,10
arxiv-10037,original,0.5004473369917832,10
arxiv-10037,summary,0.3569579910254106,10
arxiv-10037,qwen38_reference,0.24673413700656965,10
arxiv-10037,ornith_raw,0.2922612110269256,10
arxiv-10037,ornith_corrected,0.24283638899214566,10
arxiv-10037,qwen38_raw,0.25561159499920905,10
arxiv-10037,qwen38_corrected,0.23033429798670113,10
arxiv-10035,no_context,0.17297257500467822,10
arxiv-10035,original,0.5234096060157754,10
arxiv-10035,summary,0.3225532579817809,10
arxiv-10035,qwen38_reference,0.25562628300394863,10
arxiv-10035,ornith_raw,0.3660555729875341,10
arxiv-10035,ornith_corrected,0.3304136790102348,10
arxiv-10035,qwen38_raw,0.2561328320298344,10
arxiv-10035,qwen38_corrected,0.24059355299687013,10
arxiv-10023,no_context,0.17360414698487148,10
arxiv-10023,original,0.5332944680121727,10
arxiv-10023,summary,0.3094885229947977,10
arxiv-10023,qwen38_reference,0.21055676601827145,10
arxiv-10023,ornith_raw,0.27384762099245563,10
arxiv-10023,ornith_corrected,0.22335808299249038,10
arxiv-10023,qwen38_raw,0.2682553469785489,10
arxiv-10023,qwen38_corrected,0.2285077749984339,10
arxiv-10040,no_context,0.7291330919833854,11
arxiv-10040,original,0.475526608992368,10
arxiv-10040,summary,0.32422170595964417,10
arxiv-10040,qwen38_reference,0.2659844160079956,10
arxiv-10040,ornith_raw,0.34035751601913944,10
arxiv-10040,qwen38_raw,0.23486332996981218,10
arxiv-10040,qwen38_corrected,0.18045380496187136,10
arxiv-10040,ornith_corrected,0.3212694029789418,10
arxiv-100022,no_context,1.1914205679786392,12
arxiv-100022,original,0.4733864279696718,10
arxiv-100022,summary,0.3162070150137879,10
arxiv-100022,qwen38_reference,0.2345817350433208,10
arxiv-100022,ornith_raw,0.34908745798747987,10
arxiv-100022,ornith_corrected,0.28856883698608726,10
arxiv-100022,qwen38_raw,0.2996066049672663,10
arxiv-100022,qwen38_corrected,0.2725024959654547,10
arxiv-100005,no_context,0.1848602460231632,10
arxiv-100005,original,0.571471608011052,10
arxiv-100005,summary,0.32922867900924757,10
arxiv-100005,qwen38_reference,0.24915805697673932,10
arxiv-100005,ornith_raw,0.3974132299772464,10
arxiv-100005,ornith_corrected,0.29619431804167107,10
arxiv-100005,qwen38_raw,0.2392232760321349,10
arxiv-100005,qwen38_corrected,0.2084671760094352,10
arxiv-100002,no_context,0.16121450101491064,10
arxiv-100002,original,0.6129954020143487,10
arxiv-100002,summary,0.3607985569979064,10
arxiv-100002,qwen38_reference,0.31199784798081964,10
arxiv-100002,ornith_raw,0.31315484998049214,10
arxiv-100002,ornith_corrected,0.22704290703404695,10
arxiv-100002,qwen38_raw,0.28358883800683543,10
arxiv-100002,qwen38_corrected,0.2679701040033251,10
arxiv-100013,no_context,0.17793839803198352,10
arxiv-100013,original,0.47108167299302295,10
arxiv-100013,summary,0.41041585395578295,10
arxiv-100013,qwen38_reference,0.2843151920242235,10
arxiv-100013,ornith_raw,0.33702311804518104,10
arxiv-100013,ornith_corrected,0.30350009602261707,10
arxiv-100013,qwen38_raw,0.26634709601057693,10
arxiv-100013,qwen38_corrected,0.2173136249766685,10
arxiv-100003,no_context,0.17861419299151748,10
arxiv-100003,original,0.4324544630362652,10
arxiv-100003,summary,0.36639633402228355,10
arxiv-100003,qwen38_reference,0.25528676895191893,10
arxiv-100003,ornith_raw,0.31711525202263147,10
arxiv-100003,ornith_corrected,0.24623958702431992,10
arxiv-100003,qwen38_raw,0.23562885099090636,10
arxiv-100003,qwen38_corrected,0.20476072002202272,10
arxiv-100028,no_context,0.16838088899385184,10
arxiv-100028,original,0.5520296859904192,10
arxiv-100028,summary,0.3295419199857861,10
arxiv-100028,qwen38_reference,0.22314736701082438,10
arxiv-100028,ornith_raw,0.3153565030079335,10
arxiv-100028,ornith_corrected,0.2950430780183524,10
arxiv-100028,qwen38_raw,0.24270842398982495,10
arxiv-100028,qwen38_corrected,0.17908893601270393,10
arxiv-100047,no_context,0.14650548005010933,10
arxiv-100047,original,0.311197672970593,10
arxiv-100047,summary,0.26979502802714705,10
arxiv-100047,qwen38_reference,0.20257020299322903,10
arxiv-100047,ornith_raw,0.2797888799686916,10
arxiv-100047,ornith_corrected,0.25505179702304304,10
arxiv-100047,qwen38_raw,0.20737874798942357,10
arxiv-100047,qwen38_corrected,0.1915708029991947,10
arxiv-100029,no_context,0.150458233023528,10
arxiv-100029,original,0.5256619459833018,10
arxiv-100029,summary,0.3166698860004544,10
arxiv-100029,qwen38_reference,0.2848396929912269,10
arxiv-100029,ornith_raw,0.34579456300707534,10
arxiv-100029,ornith_corrected,0.27220694901188836,10
arxiv-100029,qwen38_raw,0.2988392910338007,10
arxiv-100029,qwen38_corrected,0.2452098790090531,10
arxiv-100009,no_context,0.16478483198443428,10
arxiv-100009,original,0.6729116989881732,10
arxiv-100009,summary,0.32343400904210284,10
arxiv-100009,qwen38_reference,0.29375129501568154,10
arxiv-100009,ornith_raw,0.3569822460412979,10
arxiv-100009,ornith_corrected,0.29484717798186466,10
arxiv-100009,qwen38_raw,0.29888552997726947,10
arxiv-100009,qwen38_corrected,0.23976432101335377,10
arxiv-100036,no_context,0.174465507036075,10
arxiv-100036,original,0.4790280129527673,10
arxiv-100036,summary,0.30130334000568837,10
arxiv-100036,qwen38_reference,0.25027739501092583,10
arxiv-100036,ornith_raw,0.3839732700143941,10
arxiv-100036,ornith_corrected,0.31277002597926185,10
arxiv-100036,qwen38_raw,0.22849679802311584,10
arxiv-100036,qwen38_corrected,0.21566661802353337,10
arxiv-500031,no_context,0.17036952200578526,10
arxiv-500031,original,0.5633721830090508,10
arxiv-500031,summary,0.3002097600256093,10
arxiv-500031,qwen38_reference,0.2557098009856418,10
arxiv-500031,ornith_raw,0.313097924052272,10
arxiv-500031,ornith_corrected,0.304340367030818,10
arxiv-500031,qwen38_raw,0.24563454202143475,10
arxiv-500031,qwen38_corrected,0.25164568895706907,10
arxiv-500027,no_context,0.17275568295735866,10
arxiv-500027,original,0.44604974798858166,10
arxiv-500027,summary,0.3310682270093821,10
arxiv-500027,qwen38_reference,0.29081755998777226,10
arxiv-500027,ornith_raw,0.32630150398472324,10
arxiv-500027,ornith_corrected,0.2514862359967083,10
arxiv-500027,qwen38_raw,0.2672154320171103,10
arxiv-500027,qwen38_corrected,0.2535516670322977,10
arxiv-500010,no_context,0.18866564298514277,10
arxiv-500010,original,0.5651618760311976,10
arxiv-500010,summary,0.2919383060070686,10
arxiv-500010,qwen38_reference,0.3280794220045209,10
arxiv-500010,ornith_raw,0.3982009580358863,10
arxiv-500010,qwen38_raw,0.24282125401077792,10
arxiv-500010,qwen38_corrected,0.20737430098233745,10
arxiv-500010,ornith_corrected,0.36247899202862754,10
arxiv-500028,no_context,0.1601041560061276,10
arxiv-500028,original,0.52485213795444,10
arxiv-500028,summary,0.3418382869567722,10
arxiv-500028,qwen38_reference,0.25428672501584515,10
arxiv-500028,ornith_raw,0.614948034984991,10
arxiv-500028,ornith_corrected,0.8062894979957491,10
arxiv-500028,qwen38_raw,0.2805847050040029,10
arxiv-500028,qwen38_corrected,0.23862901597749442,10
arxiv-500009,no_context,0.17277440399629995,10
arxiv-500009,original,0.5811765699763782,10
arxiv-500009,summary,0.3438738950062543,10
arxiv-500009,qwen38_reference,0.3006575269973837,10
arxiv-500009,ornith_raw,0.3584632419515401,10
arxiv-500009,ornith_corrected,0.33065034699393436,10
arxiv-500009,qwen38_raw,0.2633530119783245,10
arxiv-500009,qwen38_corrected,0.23402561800321564,10
arxiv-500000,no_context,0.660095822007861,11
arxiv-500000,original,0.5235387879656628,10
arxiv-500000,summary,0.2944230560096912,10
arxiv-500000,qwen38_reference,0.24813996499869972,10
arxiv-500000,ornith_raw,0.3084572149673477,10
arxiv-500000,ornith_corrected,0.25650053698336706,10
arxiv-500000,qwen38_raw,0.2738462130073458,10
arxiv-500000,qwen38_corrected,0.22185535996686667,10
arxiv-500043,no_context,0.2045005650143139,10
arxiv-500043,original,0.6207000819849782,10
arxiv-500043,summary,0.37946545297745615,10
arxiv-500043,qwen38_reference,0.28582696994999424,10
arxiv-500043,ornith_raw,0.30646323796827346,10
arxiv-500043,ornith_corrected,0.2602078240015544,10
arxiv-500043,qwen38_raw,0.26146610401337966,10
arxiv-500043,qwen38_corrected,0.23156780999852344,10
arxiv-500047,no_context,0.1883846889832057,10
arxiv-500047,original,0.5324599249870516,10
arxiv-500047,summary,0.32449827599339187,10
arxiv-500047,qwen38_reference,0.29389205999905244,10
arxiv-500047,ornith_raw,0.4274351369822398,10
arxiv-500047,ornith_corrected,0.37671427603345364,10
arxiv-500047,qwen38_raw,0.28531200502766296,10
arxiv-500047,qwen38_corrected,0.25092877401039004,10
arxiv-500036,no_context,0.16444538300856948,10
arxiv-500036,original,0.6834893470513634,10
arxiv-500036,summary,0.33527534402674064,10
arxiv-500036,qwen38_reference,0.24489017203450203,10
arxiv-500036,ornith_raw,0.25855150597635657,10
arxiv-500036,qwen38_raw,0.27435980300651863,10
arxiv-500036,qwen38_corrected,0.2383924769819714,10
arxiv-500036,ornith_corrected,0.22423741000238806,10
arxiv-500030,no_context,0.19091027200920507,10
arxiv-500030,original,1.04602770897327,10
arxiv-500030,summary,0.3006929539842531,10
arxiv-500030,qwen38_reference,0.2623757850378752,10
arxiv-500030,ornith_raw,0.40052725200075656,10
arxiv-500030,ornith_corrected,0.30685907299630344,10
arxiv-500030,qwen38_raw,0.2726199689786881,10
arxiv-500030,qwen38_corrected,0.24820620700484142,10
arxiv-1000004,no_context,0.1739759820047766,10
arxiv-1000004,original,0.4696186669752933,10
arxiv-1000004,summary,0.3593427479499951,10
arxiv-1000004,qwen38_reference,0.2823483209940605,10
arxiv-1000004,ornith_raw,0.4409090850385837,10
arxiv-1000004,ornith_corrected,0.3450276370276697,10
arxiv-1000004,qwen38_raw,0.32288503099698573,10
arxiv-1000004,qwen38_corrected,0.2610483869793825,10
arxiv-1000037,no_context,0.19304520898731425,10
arxiv-1000037,original,0.6752921389997937,10
arxiv-1000037,summary,0.39282366004772484,10
arxiv-1000037,qwen38_reference,0.2552484690095298,10
arxiv-1000037,ornith_raw,0.3930417359806597,10
arxiv-1000037,ornith_corrected,0.3208845900371671,10
arxiv-1000037,qwen38_raw,0.3115715559688397,10
arxiv-1000037,qwen38_corrected,0.2651317630079575,10
arxiv-1000013,no_context,0.17151014204137027,10
arxiv-1000013,original,0.7303841789835133,10
arxiv-1000013,summary,0.35425977502018213,10
arxiv-1000013,qwen38_reference,0.27677252696594223,10
arxiv-1000013,ornith_raw,0.3022222360013984,10
arxiv-1000013,qwen38_raw,0.24682489002589136,10
arxiv-1000013,qwen38_corrected,0.23381618497660384,10
arxiv-1000013,ornith_corrected,0.2722673850366846,10
arxiv-1000041,no_context,0.2309757280163467,10
arxiv-1000041,original,0.4301730399602093,10
arxiv-1000041,summary,0.3302120870212093,10
arxiv-1000041,qwen38_reference,0.2711597720044665,10
arxiv-1000041,ornith_raw,0.39694735599914566,10
arxiv-1000041,ornith_corrected,0.4138126239995472,10
arxiv-1000041,qwen38_raw,0.2633958930382505,10
arxiv-1000041,qwen38_corrected,0.24994812399381772,10
arxiv-1000016,no_context,0.17348623101133853,10
arxiv-1000016,original,0.5288929289672524,10
arxiv-1000016,summary,0.36281656799837947,10
arxiv-1000016,qwen38_reference,0.2689942790311761,10
arxiv-1000016,ornith_raw,0.32068302598781884,10
arxiv-1000016,ornith_corrected,0.2683552200323902,10
arxiv-1000016,qwen38_raw,0.2946612959494814,10
arxiv-1000016,qwen38_corrected,0.2320868429960683,10
arxiv-1000035,no_context,0.17682175000663847,10
arxiv-1000035,original,0.5297798549872823,10
arxiv-1000035,summary,0.3644421999924816,10
arxiv-1000035,qwen38_reference,0.2911690760520287,10
arxiv-1000035,ornith_raw,0.37313828500919044,10
arxiv-1000035,qwen38_raw,0.335754698025994,10
arxiv-1000035,qwen38_corrected,0.2714993819827214,10
arxiv-1000035,ornith_corrected,0.32888983096927404,10
arxiv-1000024,no_context,0.18459052598336712,10
arxiv-1000024,original,0.7997638750239275,10
arxiv-1000024,summary,0.3739540139795281,10
arxiv-1000024,qwen38_reference,0.29400754894595593,10
arxiv-1000024,ornith_raw,0.45624801702797413,10
arxiv-1000024,ornith_corrected,0.371797192026861,10
arxiv-1000024,qwen38_raw,0.31102350301807746,10
arxiv-1000024,qwen38_corrected,0.26561719400342554,10
arxiv-1000038,no_context,0.200134155980777,10
arxiv-1000038,original,0.43496987398248166,10
arxiv-1000038,summary,0.3520452909870073,10
arxiv-1000038,qwen38_reference,0.28266226703999564,10
arxiv-1000038,ornith_raw,0.4147696939762682,10
arxiv-1000038,ornith_corrected,0.33988392900209874,10
arxiv-1000038,qwen38_raw,0.29049421002855524,10
arxiv-1000038,qwen38_corrected,0.2619243370136246,10
arxiv-1000040,no_context,0.18004056601785123,10
arxiv-1000040,original,0.4247948739794083,10
arxiv-1000040,summary,0.33075678104069084,10
arxiv-1000040,qwen38_reference,0.2902649659663439,10
arxiv-1000040,ornith_raw,0.47675804601749405,10
arxiv-1000040,ornith_corrected,0.26399504899745807,10
arxiv-1000040,qwen38_raw,0.27802520600380376,10
arxiv-1000040,qwen38_corrected,0.21361587702995166,10
arxiv-1000021,no_context,0.9724154350114986,12
arxiv-1000021,original,0.6230467639979906,10
arxiv-1000021,summary,0.36348016996635124,10
arxiv-1000021,qwen38_reference,0.2689601359888911,10
arxiv-1000021,ornith_raw,0.38819997396785766,10
arxiv-1000021,ornith_corrected,0.3313754559494555,10
arxiv-1000021,qwen38_raw,0.23955319297965616,10
arxiv-1000021,qwen38_corrected,0.2137967370217666,10
bethgelab-125,no_context,2.299392335000448,14
bethgelab-125,original,0.566762586007826,10
bethgelab-125,summary,0.3916784980101511,10
bethgelab-125,qwen38_reference,0.262622595007997,10
bethgelab-125,qwen38_raw,0.28336126200156286,10
bethgelab-125,qwen38_corrected,0.23535266699036583,10
bethgelab-125,ornith_raw,0.7347883640322834,10
bethgelab-125,ornith_corrected,0.4724351860349998,10
bethgelab-102,no_context,0.1752621320192702,10
bethgelab-102,original,0.36836129100993276,10
bethgelab-102,summary,0.3014638510067016,10
bethgelab-102,qwen38_reference,0.24372127099195495,10
bethgelab-102,ornith_raw,0.36432085803244263,10
bethgelab-102,ornith_corrected,0.33520370098995045,10
bethgelab-102,qwen38_raw,0.277629469987005,10
bethgelab-102,qwen38_corrected,0.1933365950244479,10
bethgelab-108,no_context,0.16634547500871122,10
bethgelab-108,original,0.40916039497824386,10
bethgelab-108,summary,0.33937472297111526,10
bethgelab-108,qwen38_reference,0.2731142300181091,10
bethgelab-108,ornith_raw,0.7238121469854377,10
bethgelab-108,ornith_corrected,0.2740535400225781,10
bethgelab-108,qwen38_raw,0.30407016701065004,10
bethgelab-108,qwen38_corrected,0.2853556220070459,10
bethgelab-116,no_context,0.17209573002764955,10
bethgelab-116,original,0.4445487260236405,10
bethgelab-116,summary,0.3341547939926386,10
bethgelab-116,qwen38_reference,0.25864273897605017,10
bethgelab-116,ornith_raw,0.361104441981297,10
bethgelab-116,ornith_corrected,0.36402790498686954,10
bethgelab-116,qwen38_raw,0.2790009309537709,10
bethgelab-116,qwen38_corrected,0.20639387500705197,10
bethgelab-128,no_context,0.18997051700716838,10
bethgelab-128,original,0.4545212669763714,10
bethgelab-128,summary,0.3367595750023611,10
bethgelab-128,qwen38_reference,0.27338504197541624,10
bethgelab-128,ornith_raw,0.6181623459560797,10
bethgelab-128,ornith_corrected,0.4560509969596751,10
bethgelab-128,qwen38_raw,0.28548106097150594,10
bethgelab-128,qwen38_corrected,0.24688620102824643,10
bethgelab-146,no_context,0.19680132600478828,10
bethgelab-146,original,0.5993193240137771,10
bethgelab-146,summary,0.39413140999386087,10
bethgelab-146,qwen38_reference,0.263548593968153,10
bethgelab-146,ornith_raw,0.33888186898548156,10
bethgelab-146,ornith_corrected,0.3296977930003777,10
bethgelab-146,qwen38_raw,0.26893975300481543,10
bethgelab-146,qwen38_corrected,0.23582443402847275,10
bethgelab-112,no_context,0.16296605404932052,10
bethgelab-112,original,0.4951875410042703,10
bethgelab-112,summary,0.3717308570048772,10
bethgelab-112,qwen38_reference,0.2933273059898056,10
bethgelab-112,ornith_raw,0.4561733619775623,10
bethgelab-112,ornith_corrected,0.4053503579925746,10
bethgelab-112,qwen38_raw,0.25843874202109873,10
bethgelab-112,qwen38_corrected,0.1872315289801918,10
bethgelab-142,no_context,0.16476902598515153,10
bethgelab-142,original,0.502491302031558,10
bethgelab-142,summary,0.3742385839577764,10
bethgelab-142,qwen38_reference,0.2731705810292624,10
bethgelab-142,ornith_raw,0.4328859469969757,10
bethgelab-142,ornith_corrected,0.2796577499830164,10
bethgelab-142,qwen38_raw,0.31068319000769407,10
bethgelab-142,qwen38_corrected,0.2515389089821838,10
bethgelab-122,no_context,0.1899790270254016,10
bethgelab-122,original,0.5799745839904062,10
bethgelab-122,summary,0.37667210499057546,10
bethgelab-122,qwen38_reference,0.30409618304111063,10
bethgelab-122,ornith_raw,0.32481785700656474,10
bethgelab-122,ornith_corrected,0.28117292100796476,10
bethgelab-122,qwen38_raw,0.2895782919949852,10
bethgelab-122,qwen38_corrected,0.2243573609739542,10
bethgelab-105,no_context,0.18837192398495972,10
bethgelab-105,original,0.4674112210050225,10
bethgelab-105,summary,0.3371331990347244,10
bethgelab-105,qwen38_reference,0.3002052190131508,10
bethgelab-105,ornith_raw,0.3019841290079057,10
bethgelab-105,ornith_corrected,0.2622816739603877,10
bethgelab-105,qwen38_raw,0.28103871503844857,10
bethgelab-105,qwen38_corrected,0.23093790496932343,10
bethgelab-10033,no_context,0.21131521800998598,10
bethgelab-10033,original,0.402581132017076,10
bethgelab-10033,summary,0.8342208319809288,10
bethgelab-10033,qwen38_reference,0.2523635330144316,10
bethgelab-10033,ornith_raw,0.3025010459823534,10
bethgelab-10033,ornith_corrected,0.25875496002845466,10
bethgelab-10033,qwen38_raw,0.2542387280263938,10
bethgelab-10033,qwen38_corrected,0.19828014605445787,10
bethgelab-10019,no_context,0.175543054996524,10
bethgelab-10019,original,0.3800821170443669,10
bethgelab-10019,summary,0.3402146750013344,10
bethgelab-10019,qwen38_reference,0.24762717803241685,10
bethgelab-10019,ornith_raw,0.39835049503017217,10
bethgelab-10019,ornith_corrected,0.33125334698706865,10
bethgelab-10019,qwen38_raw,0.23777303600218147,10
bethgelab-10019,qwen38_corrected,0.23735009896336123,10
bethgelab-10028,no_context,0.17724907002411783,10
bethgelab-10028,original,0.558892979985103,10
bethgelab-10028,summary,0.38003059901529923,10
bethgelab-10028,qwen38_reference,0.2899326210026629,10
bethgelab-10028,ornith_raw,0.3196807409985922,10
bethgelab-10028,ornith_corrected,0.29953387298155576,10
bethgelab-10028,qwen38_raw,0.26079719298286363,10
bethgelab-10028,qwen38_corrected,0.18461820494849235,10
bethgelab-10021,no_context,0.16529224801342934,10
bethgelab-10021,original,0.446115255006589,10
bethgelab-10021,summary,0.33821068197721615,10
bethgelab-10021,qwen38_reference,0.3135717409895733,10
bethgelab-10021,qwen38_raw,0.2763721820083447,10
bethgelab-10021,qwen38_corrected,0.2171619510045275,10
bethgelab-10021,ornith_raw,0.299767198972404,10
bethgelab-10021,ornith_corrected,0.25665709702298045,10
bethgelab-10004,no_context,0.1781996110221371,10
bethgelab-10004,original,1.0737067619920708,10
bethgelab-10004,summary,0.35905603296123445,10
bethgelab-10004,qwen38_reference,0.30374988599214703,10
bethgelab-10004,ornith_raw,0.3574278409942053,10
bethgelab-10004,ornith_corrected,0.3274569739587605,10
bethgelab-10004,qwen38_raw,0.26160264801001176,10
bethgelab-10004,qwen38_corrected,0.21464289701543748,10
bethgelab-10047,no_context,0.19714381598168984,10
bethgelab-10047,original,0.3104956749593839,10
bethgelab-10047,summary,0.35652472299989313,10
bethgelab-10047,qwen38_reference,0.24645299301482737,10
bethgelab-10047,ornith_raw,0.4344147800002247,10
bethgelab-10047,ornith_corrected,0.3103914519888349,10
bethgelab-10047,qwen38_raw,0.2759682219475508,10
bethgelab-10047,qwen38_corrected,0.21304542402504012,10
bethgelab-10013,no_context,0.1691000140272081,10
bethgelab-10013,original,0.40473993902560323,10
bethgelab-10013,summary,0.3369956669630483,10
bethgelab-10013,qwen38_reference,0.29418200900545344,10
bethgelab-10013,ornith_raw,0.3844180960441008,10
bethgelab-10013,ornith_corrected,0.29194941296009347,10
bethgelab-10013,qwen38_raw,0.2811009219731204,10
bethgelab-10013,qwen38_corrected,0.25933062902186066,10
bethgelab-10038,no_context,0.1801099090371281,10
bethgelab-10038,original,0.5337119710166007,10
bethgelab-10038,summary,0.31950612098444253,10
bethgelab-10038,qwen38_reference,0.27428262401372194,10
bethgelab-10038,ornith_raw,0.31894437299342826,10
bethgelab-10038,ornith_corrected,0.2776295660296455,10
bethgelab-10038,qwen38_raw,0.31164256297051907,10
bethgelab-10038,qwen38_corrected,0.23767729196697474,10
bethgelab-10000,no_context,0.7946844859980047,12
bethgelab-10000,original,0.4517460890347138,10
bethgelab-10000,summary,0.30831321998266503,10
bethgelab-10000,qwen38_reference,0.25513119099196047,10
bethgelab-10000,ornith_raw,0.3554377689724788,10
bethgelab-10000,ornith_corrected,0.31719125498784706,10
bethgelab-10000,qwen38_raw,0.24359989596996456,10
bethgelab-10000,qwen38_corrected,0.20356599299702793,10
bethgelab-10003,no_context,0.17897162801818922,10
bethgelab-10003,original,0.42558288999134675,10
bethgelab-10003,summary,0.34966482600430027,10
bethgelab-10003,qwen38_reference,0.2917583769885823,10
bethgelab-10003,qwen38_raw,0.2858853730140254,10
bethgelab-10003,qwen38_corrected,0.24959549104096368,10
bethgelab-10003,ornith_raw,0.3715472689946182,10
bethgelab-10003,ornith_corrected,0.30875064100837335,10
bethgelab-50039,no_context,0.19342779199359939,10
bethgelab-50039,original,0.6429677490377799,10
bethgelab-50039,summary,0.32971036998787895,10
bethgelab-50039,qwen38_reference,0.254146953986492,10
bethgelab-50039,ornith_raw,0.437495744030457,10
bethgelab-50039,ornith_corrected,0.41349675896344706,10
bethgelab-50039,qwen38_raw,0.28087103803409263,10
bethgelab-50039,qwen38_corrected,0.25659516197629273,10
bethgelab-50043,no_context,0.1852085299906321,10
bethgelab-50043,original,0.332548359001521,10
bethgelab-50043,summary,0.3192874019732699,10
bethgelab-50043,qwen38_reference,0.21925313997780904,10
bethgelab-50043,ornith_raw,0.3077981250244193,10
bethgelab-50043,ornith_corrected,0.2632018779986538,10
bethgelab-50043,qwen38_raw,0.22494685201672837,10
bethgelab-50043,qwen38_corrected,0.21369971398962662,10
bethgelab-50033,no_context,0.16403451102087274,10
bethgelab-50033,original,0.5008409620495513,10
bethgelab-50033,summary,0.3727163710282184,10
bethgelab-50033,qwen38_reference,0.24825804302236065,10
bethgelab-50033,ornith_raw,0.33859192102681845,10
bethgelab-50033,ornith_corrected,0.2973212089855224,10
bethgelab-50033,qwen38_raw,0.24161468597594649,10
bethgelab-50033,qwen38_corrected,0.17099722399143502,10
bethgelab-50037,no_context,0.17331740004010499,10
bethgelab-50037,original,0.4978836770169437,10
bethgelab-50037,summary,0.8917400179780088,10
bethgelab-50037,qwen38_reference,0.4001392570207827,10
bethgelab-50037,ornith_raw,0.4404399389750324,10
bethgelab-50037,ornith_corrected,0.4537627180106938,10
bethgelab-50037,qwen38_raw,0.31291104800766334,10
bethgelab-50037,qwen38_corrected,0.23090235196286812,10
bethgelab-50047,no_context,0.1750047920504585,10
bethgelab-50047,original,0.39602250600000843,10
bethgelab-50047,summary,0.3498862899723463,10
bethgelab-50047,qwen38_reference,0.26206394901964813,10
bethgelab-50047,ornith_raw,0.29983930400339887,10
bethgelab-50047,ornith_corrected,0.26689537503989413,10
bethgelab-50047,qwen38_raw,0.27716467599384487,10
bethgelab-50047,qwen38_corrected,0.2544811529805884,10
bethgelab-50013,no_context,0.177884383010678,10
bethgelab-50013,original,0.4206902460427955,10
bethgelab-50013,summary,0.3826489440398291,10
bethgelab-50013,qwen38_reference,0.24689669400686398,10
bethgelab-50013,ornith_raw,0.30410222901264206,10
bethgelab-50013,ornith_corrected,0.2601252029999159,10
bethgelab-50013,qwen38_raw,0.2617253959761001,10
bethgelab-50013,qwen38_corrected,0.2691566090215929,10
bethgelab-50009,no_context,0.17262919002678245,10
bethgelab-50009,original,0.5174143339972943,10
bethgelab-50009,summary,0.35462197399465367,10
bethgelab-50009,qwen38_reference,0.27802994003286585,10
bethgelab-50009,ornith_raw,0.339037062949501,10
bethgelab-50009,ornith_corrected,0.29105182900093496,10
bethgelab-50009,qwen38_raw,0.2806049609789625,10
bethgelab-50009,qwen38_corrected,0.2195532629848458,10
bethgelab-50015,no_context,0.17518942803144455,10
bethgelab-50015,original,0.2951047089882195,10
bethgelab-50015,summary,0.33416455099359155,10
bethgelab-50015,qwen38_reference,0.23011596698779613,10
bethgelab-50015,ornith_raw,0.38565199001459405,10
bethgelab-50015,ornith_corrected,0.2839716150192544,10
bethgelab-50015,qwen38_raw,0.27800350898178294,10
bethgelab-50015,qwen38_corrected,0.20469848200445995,10
bethgelab-50024,no_context,0.1562355919741094,10
bethgelab-50024,original,0.5381427280372009,10
bethgelab-50024,summary,0.3849027240066789,10
bethgelab-50024,qwen38_reference,0.28719532903051004,10
bethgelab-50024,ornith_raw,0.45463399699656293,10
bethgelab-50024,ornith_corrected,0.4017316739773378,10
bethgelab-50024,qwen38_raw,0.26180168194696307,10
bethgelab-50024,qwen38_corrected,0.2042819139896892,10
bethgelab-50028,no_context,0.16635961801512167,10
bethgelab-50028,original,0.430964989005588,10
bethgelab-50028,summary,0.32810460502514616,10
bethgelab-50028,qwen38_reference,0.2687579939956777,10
bethgelab-50028,ornith_raw,0.5645312650012784,10
bethgelab-50028,ornith_corrected,0.4424456600099802,10
bethgelab-50028,qwen38_raw,0.2427651439793408,10
bethgelab-50028,qwen38_corrected,0.2070812339661643,10
bethgelab-100037,no_context,0.20445567095885053,10
bethgelab-100037,original,0.5113307409919798,10
bethgelab-100037,summary,0.3361556159798056,10
bethgelab-100037,qwen38_reference,0.22691218997351825,10
bethgelab-100037,ornith_raw,0.47441735304892063,10
bethgelab-100037,ornith_corrected,0.41990686900680885,10
bethgelab-100037,qwen38_raw,0.2800112130353227,10
bethgelab-100037,qwen38_corrected,0.22690601402428,10
bethgelab-100048,no_context,0.1954114320105873,10
bethgelab-100048,original,0.45120347099145874,10
bethgelab-100048,summary,0.37012048601172864,10
bethgelab-100048,qwen38_reference,0.2770466629881412,10
bethgelab-100048,ornith_raw,0.36258402600651607,10
bethgelab-100048,ornith_corrected,0.2930587329901755,10
bethgelab-100048,qwen38_raw,0.2814890719600953,10
bethgelab-100048,qwen38_corrected,0.21127854497171938,10
bethgelab-100002,no_context,0.16465325094759464,10
bethgelab-100002,original,0.3700094809755683,10
bethgelab-100002,summary,0.3151113890344277,10
bethgelab-100002,qwen38_reference,0.255244339001365,10
bethgelab-100002,ornith_raw,0.5678128649597056,10
bethgelab-100002,ornith_corrected,0.29908117500599474,10
bethgelab-100002,qwen38_raw,0.2556470819981769,10
bethgelab-100002,qwen38_corrected,0.20195728697581217,10
bethgelab-100001,no_context,0.183892200991977,10
bethgelab-100001,original,0.5761768930242397,10
bethgelab-100001,summary,0.3658284100238234,10
bethgelab-100001,qwen38_reference,0.27722013200400397,10
bethgelab-100001,ornith_raw,0.3626622960437089,10
bethgelab-100001,ornith_corrected,0.3116466890205629,10
bethgelab-100001,qwen38_raw,0.2889874200336635,10
bethgelab-100001,qwen38_corrected,0.23702546395361423,10
bethgelab-100003,no_context,1.501154850993771,13
bethgelab-100003,original,0.5277800189796835,10
bethgelab-100003,summary,0.38877912901807576,10
bethgelab-100003,qwen38_reference,0.30015136196743697,10
bethgelab-100003,qwen38_raw,0.27812712197192013,10
bethgelab-100003,qwen38_corrected,0.20827092399122193,10
bethgelab-100003,ornith_raw,0.5130561520345509,10
bethgelab-100003,ornith_corrected,0.4035896509885788,10
bethgelab-100040,no_context,0.18163221498252824,10
bethgelab-100040,original,0.4113746199873276,10
bethgelab-100040,summary,0.36618334701051936,10
bethgelab-100040,qwen38_reference,0.2430901129846461,10
bethgelab-100040,ornith_raw,0.42989681800827384,10
bethgelab-100040,ornith_corrected,0.3359462439548224,10
bethgelab-100040,qwen38_raw,0.23932768998201936,10
bethgelab-100040,qwen38_corrected,0.22599284903844818,10
bethgelab-100027,no_context,2.3578808029997163,14
bethgelab-100027,original,0.36543952097417787,10
bethgelab-100027,summary,0.3019962859689258,10
bethgelab-100027,qwen38_reference,0.24881835299311206,10
bethgelab-100027,ornith_raw,0.33691950503271073,10
bethgelab-100027,ornith_corrected,0.34286124497884884,10
bethgelab-100027,qwen38_raw,0.24515685602091253,10
bethgelab-100027,qwen38_corrected,0.1954633360146545,10
bethgelab-100026,no_context,0.7327628150233068,11
bethgelab-100026,original,0.503381680988241,10
bethgelab-100026,summary,0.8926523830159567,10
bethgelab-100026,qwen38_reference,0.3548346099560149,10
bethgelab-100026,ornith_raw,0.4546842030249536,10
bethgelab-100026,ornith_corrected,0.37823351100087166,10
bethgelab-100026,qwen38_raw,0.2789154900237918,10
bethgelab-100026,qwen38_corrected,0.21215615898836404,10
bethgelab-100015,no_context,0.17506527103250846,10
bethgelab-100015,original,0.5613264000276104,10
bethgelab-100015,summary,0.41193435300374404,10
bethgelab-100015,qwen38_reference,0.27218179899500683,10
bethgelab-100015,ornith_raw,0.3671970239956863,10
bethgelab-100015,ornith_corrected,0.3052296940004453,10
bethgelab-100015,qwen38_raw,0.28346874500857666,10
bethgelab-100015,qwen38_corrected,0.1910992930061184,10
bethgelab-200048,no_context,0.18445222300942987,10
bethgelab-200048,original,0.44686109299072996,10
bethgelab-200048,summary,0.33449731301516294,10
bethgelab-200048,qwen38_reference,0.30633831303566694,10
bethgelab-200048,qwen38_raw,0.296072369965259,10
bethgelab-200048,qwen38_corrected,0.2438265789533034,10
bethgelab-200048,ornith_raw,0.4814398090238683,10
bethgelab-200048,ornith_corrected,0.4223660849966109,10
bethgelab-200024,no_context,0.1738099040230736,10
bethgelab-200024,original,0.4299838250153698,10
bethgelab-200024,summary,0.358424203004688,10
bethgelab-200024,qwen38_reference,0.2631603110348806,10
bethgelab-200024,ornith_raw,0.3759861310245469,10
bethgelab-200024,ornith_corrected,0.31531336897751316,10
bethgelab-200024,qwen38_raw,0.2825053079868667,10
bethgelab-200024,qwen38_corrected,0.22850959899369627,10
bethgelab-200047,no_context,0.1748045719577931,10
bethgelab-200047,original,0.5073806750006042,10
bethgelab-200047,summary,0.34340651298407465,10
bethgelab-200047,qwen38_reference,0.2890030039707199,10
bethgelab-200047,ornith_raw,0.39725620904937387,10
bethgelab-200047,ornith_corrected,0.37847747397609055,10
bethgelab-200047,qwen38_raw,0.33527348894858733,10
bethgelab-200047,qwen38_corrected,0.3145482949912548,10
bethgelab-200042,no_context,0.18403866200242192,10
bethgelab-200042,original,0.37873231701087207,10
bethgelab-200042,summary,0.3651052879868075,10
bethgelab-200042,qwen38_reference,0.3029056760133244,10
bethgelab-200042,qwen38_raw,0.3048694459721446,10
bethgelab-200042,qwen38_corrected,0.27260345401009545,10
bethgelab-200042,ornith_raw,0.34033757500583306,10
bethgelab-200042,ornith_corrected,0.29903198301326483,10
bethgelab-200004,no_context,0.16455258103087544,10
bethgelab-200004,original,1.023742260003928,10
bethgelab-200004,summary,0.34482197498437017,10
bethgelab-200004,qwen38_reference,0.24672341701807454,10
bethgelab-200004,ornith_raw,0.3635881669470109,10
bethgelab-200004,ornith_corrected,0.2900261200265959,10
bethgelab-200004,qwen38_raw,0.5657904730178416,10
bethgelab-200004,qwen38_corrected,0.19293154502520338,10
bethgelab-200021,no_context,0.18066279299091548,10
bethgelab-200021,original,0.5384687680052593,10
bethgelab-200021,summary,0.3551099000032991,10
bethgelab-200021,qwen38_reference,0.3020703319925815,10
bethgelab-200021,ornith_raw,0.33201089600333944,10
bethgelab-200021,ornith_corrected,0.21871222305344418,10
bethgelab-200021,qwen38_raw,0.31175119802355766,10
bethgelab-200021,qwen38_corrected,0.2310474049882032,10
bethgelab-200016,no_context,0.16843234602129087,10
bethgelab-200016,original,0.5000081470352598,10
bethgelab-200016,summary,0.32358188001671806,10
bethgelab-200016,qwen38_reference,0.24496543599525467,10
bethgelab-200016,ornith_raw,0.3235810470068827,10
bethgelab-200016,ornith_corrected,0.2712058810284361,10
bethgelab-200016,qwen38_raw,0.2707190120127052,10
bethgelab-200016,qwen38_corrected,0.19197796302614734,10
bethgelab-200019,no_context,0.16819132602540776,10
bethgelab-200019,original,0.4981530789518729,10
bethgelab-200019,summary,0.829469558026176,10
bethgelab-200019,qwen38_reference,0.23499388800701126,10
bethgelab-200019,ornith_raw,0.5125357739743777,10
bethgelab-200019,ornith_corrected,0.440105002024211,10
bethgelab-200019,qwen38_raw,0.28504020295804366,10
bethgelab-200019,qwen38_corrected,0.2694644749863073,10
