runtime,phase,batch,cache,seconds,input_tokens,output_tokens,output_tokens_per_second,mean_request_seconds,gpu_memory_used_total_utilization
ar,generation,1,cold,3.6454356189933605,13726,512,140.44960699138122,3.62239227903774,"87399, 97871, 100"
ar,generation,1,warm,3.2980469170142896,13726,512,155.24339491916987,3.2652333099977113,"87399, 97871, 0"
ar,generation,4,cold,5.432063763029873,61192,2048,377.020611197258,5.338626848228159,"87399, 97871, 8"
ar,generation,4,warm,3.8784274110221304,61192,2048,528.0490732351402,3.778201330511365,"87399, 97871, 54"
ar,generation,8,cold,8.977383618999738,115663,4096,456.25765521830033,8.79244062374346,"87785, 97871, 17"
ar,generation,8,warm,4.500686799001414,115663,4096,910.0833234849392,4.354410163745342,"87785, 97871, 83"
ar,generation,16,cold,12.790734397014603,217010,8192,640.4636157492284,12.500282404627796,"87787, 97871, 52"
ar,generation,16,warm,5.786929147026967,217010,8192,1415.6039916625966,5.531968226066965,"87786, 97871, 100"
ar,generation,32,cold,18.836517016985454,389333,15874,842.724798097543,17.985307533061132,"87786, 97871, 100"
ar,generation,32,warm,7.671665338042658,389333,15874,2069.172637299906,7.0603466849643155,"87786, 97871, 100"
ar,generation,64,cold,31.34564276295714,750199,32258,1029.1063496110867,29.884090011422813,"87786, 97871, 100"
ar,generation,64,warm,12.057300214946736,750199,32258,2675.3916237410785,11.190248767091362,"87786, 97871, 100"
ar,correction,1,cold,3.9673532500164583,21063,512,129.0532926448826,3.9040579199790955,"87786, 97871, 96"
ar,correction,1,warm,3.383079565013759,21063,512,151.34140068559626,3.3216938919504173,"87786, 97871, 51"
ar,correction,4,cold,6.423736300028395,86165,2048,318.81757038982863,6.268414236998069,"87786, 97871, 74"
ar,correction,4,warm,4.124688329990022,86165,2048,496.52236391033074,3.9961112197488546,"87786, 97871, 100"
ar,correction,8,cold,9.16886534797959,163161,4096,446.7292128902925,8.940037471002142,"87786, 97871, 100"
ar,correction,8,warm,4.82691172597697,163161,4096,848.5757006817785,4.657343930994102,"87786, 97871, 100"
ar,correction,16,cold,14.637634362035897,307548,8192,559.6532743874744,14.19859906392594,"87785, 97871, 100"
ar,correction,16,warm,6.685885285027325,307548,8192,1225.267806844598,6.336421418498503,"87785, 97871, 100"
ar,correction,32,cold,24.159174368018284,566495,16384,678.1688707743674,23.293869901657672,"87785, 97871, 91"
ar,correction,32,warm,9.510964504035655,566495,16384,1722.6433757636257,8.9260060209308,"87785, 97871, 0"
ar,correction,64,cold,43.22447940899292,1096072,32768,758.0889451541334,41.623823073216954,"87785, 97871, 0"
ar,correction,64,warm,15.716079717036337,1096072,32768,2084.9983322799812,14.695368461247199,"87787, 97871, 12"
dflash4,generation,1,cold,4.574355385033414,13726,512,111.92833894698806,4.551802959002089,"89142, 97871, 55"
dflash4,generation,1,warm,4.428279421990737,13726,512,115.62052689300033,4.4040489830076694,"89142, 97871, 55"
dflash4,generation,4,cold,9.935729133023415,61192,2048,206.12478184344377,9.441070097484044,"89656, 97871, 43"
dflash4,generation,4,warm,5.054629803984426,61192,2048,405.1730946518809,4.3646764069999335,"89656, 97871, 47"
dflash4,generation,8,cold,9.978945409995504,115663,4096,410.4642155770492,9.21317622452625,"89660, 97871, 56"
dflash4,generation,8,warm,5.342714074009564,115663,4096,766.6515451249035,4.530442722745647,"89659, 97871, 19"
dflash4,generation,16,cold,13.585700531024486,217010,8192,602.9869406654916,12.734098290377005,"89659, 97871, 29"
dflash4,generation,16,warm,5.816835229983553,217010,8192,1408.3259497833776,4.956041017005191,"89659, 97871, 0"
dflash4,generation,32,cold,18.073306700971443,389333,15874,878.3118807554331,16.603607626151643,"89659, 97871, 28"
dflash4,generation,32,warm,8.30738737701904,389333,15874,1910.829395522435,6.757265600057508,"89659, 97871, 54"
dflash4,generation,64,cold,31.391280898009427,750199,32258,1027.6101859241282,28.985565811933157,"89659, 97871, 37"
dflash4,generation,64,warm,12.03462952299742,750199,32258,2680.4314946593904,10.082682438644042,"89659, 97871, 56"
dflash4,correction,1,cold,3.5028061080374755,21063,512,146.16852437968922,3.4449969630222768,"89659, 97871, 28"
dflash4,correction,1,warm,3.0513120829709806,21063,512,167.79666781953006,3.0073412919882685,"89659, 97871, 30"
dflash4,correction,4,cold,5.843053560995031,86165,2048,350.50166468972776,5.470337122998899,"89659, 97871, 54"
dflash4,correction,4,warm,3.7513588589499705,86165,2048,545.935506840113,3.2997819434967823,"89659, 97871, 13"
dflash4,correction,8,cold,8.665913867997006,163161,4096,472.6564402083918,8.191014587122481,"89659, 97871, 34"
dflash4,correction,8,warm,4.431038107955828,163161,4096,924.3883487812315,3.8763916794923716,"89659, 97871, 38"
dflash4,correction,16,cold,13.884624923986848,307548,8192,590.005134805452,13.021820795940585,"89659, 97871, 41"
dflash4,correction,16,warm,4.993498556024861,307548,8192,1640.533166894785,4.381800806680985,"89659, 97871, 44"
dflash4,correction,32,cold,22.241564471973106,566495,16384,736.6388286510015,21.013554490313254,"89659, 97871, 42"
dflash4,correction,32,warm,6.130565071012825,566495,16384,2672.5105777717836,5.3602868413763645,"89659, 97871, 29"
dflash4,correction,64,cold,40.51306266797474,1096072,32768,808.8255451963855,37.91759331637695,"89659, 97871, 60"
dflash4,correction,64,warm,12.570446603000164,1096072,32768,2606.7490706479216,11.215720733265698,"89659, 97871, 54"
dflash8,generation,1,cold,6.082060667977203,13726,512,84.18199487810817,6.0507885020342655,"87754, 97871, 31"
dflash8,generation,1,warm,4.865812166011892,13726,512,105.2239549188444,4.834119111998007,"87754, 97871, 0"
dflash8,generation,4,cold,10.654103012988344,61192,2048,192.2264124444167,9.719120146997739,"88268, 97871, 13"
dflash8,generation,4,warm,5.219963420997374,61192,2048,392.3399140618289,4.585919592005666,"88268, 97871, 11"
dflash8,generation,8,cold,10.30573615297908,115663,4096,397.4485606072856,9.469649279126315,"88780, 97871, 60"
dflash8,generation,8,warm,5.024302841979079,115663,4096,815.2374824576817,4.107388845623063,"88780, 97871, 52"
dflash8,generation,16,cold,13.348127612029202,217010,8192,613.7190352164037,12.461903629820881,"88780, 97871, 58"
dflash8,generation,16,warm,6.918577762960922,217010,8192,1184.058383192053,5.947459506493033,"88780, 97871, 2"
dflash8,generation,32,cold,19.46871760196518,389333,15874,815.3593022684591,17.527186775820155,"88780, 97871, 38"
dflash8,generation,32,warm,8.54791209596442,389333,15874,1857.0616803013593,6.912473676688023,"88780, 97871, 53"
dflash8,generation,64,cold,36.57564521103632,750199,32258,881.9529994310664,33.296411525731855,"91400, 97871, 38"
dflash8,generation,64,warm,35.950918657996226,750199,32258,897.2788792095346,32.65748584240464,"91399, 97871, 51"
dflash8,correction,1,cold,4.340327734011225,21063,512,117.96344225066665,4.275463858968578,"91399, 97871, 20"
dflash8,correction,1,warm,3.7799270190298557,21063,512,135.45235064654986,3.7198725210037082,"91399, 97871, 53"
dflash8,correction,4,cold,6.342850789020304,86165,2048,322.88320632501075,5.553225583978929,"91399, 97871, 37"
dflash8,correction,4,warm,3.070872268988751,86165,2048,666.911489833608,2.424141916242661,"91399, 97871, 57"
dflash8,correction,8,cold,8.345337074017152,163161,4096,490.8130089499584,7.677712485754455,"91399, 97871, 31"
dflash8,correction,8,warm,3.6612400409649126,163161,4096,1118.7466416215932,3.0029957807564642,"91399, 97871, 35"
dflash8,correction,16,cold,14.049830570002086,307548,8192,583.0675294754664,12.910527553322027,"91399, 97871, 50"
dflash8,correction,16,warm,5.964583352964837,307548,8192,1373.440442563012,5.001548688880575,"91399, 97871, 32"
dflash8,correction,32,cold,22.66401055501774,566495,16384,722.9082408088022,21.2976625302108,"91399, 97871, 0"
dflash8,correction,32,warm,7.264937922009267,566495,16384,2255.2154162755282,6.168552932309467,"91399, 97871, 54"
dflash8,correction,64,cold,43.324388007982634,1096072,32768,756.3407472475412,39.238221961762974,"91399, 97871, 30"
dflash8,correction,64,warm,43.03449943603482,1096072,32768,761.4356023521399,38.898795917612915,"91399, 97871, 20"
dflash15,generation,1,cold,5.01187064597616,13726,512,102.15746497988039,4.981458077963907,"87677, 97871, 0"
dflash15,generation,1,warm,5.051733422966208,13726,512,101.35134955307495,5.022009161009919,"87677, 97871, 0"
dflash15,generation,4,cold,10.959815760958008,61192,2048,186.86445508468861,10.179504968269612,"88675, 97871, 35"
dflash15,generation,4,warm,7.348120513022877,61192,2048,278.71072560260603,6.177674098245916,"88675, 97871, 31"
dflash15,generation,8,cold,12.330804071971215,115663,4096,332.17622922989233,11.22327812124422,"88675, 97871, 0"
dflash15,generation,8,warm,7.1488346320111305,115663,4096,572.9605188597993,6.009514318990114,"88675, 97871, 9"
dflash15,generation,16,cold,13.458812921016943,217010,8192,608.6718084332371,12.218759515504644,"88675, 97871, 23"
dflash15,generation,16,warm,7.682263288996182,217010,8192,1066.3524135828497,6.498840403502982,"88675, 97871, 32"
dflash15,generation,32,cold,20.657149592007045,389333,15874,768.4506484932554,18.62603294150358,"88675, 97871, 57"
dflash15,generation,32,warm,11.58093621401349,389333,15874,1370.7009266480284,9.504033927472847,"88675, 97871, 57"
dflash15,generation,64,cold,42.75804587703897,750199,32258,754.4311097089336,35.554420527420916,"95893, 97871, 0"
dflash15,generation,64,warm,41.856557378021535,750199,32258,770.6797219051359,35.29046415709581,"96591, 97871, 44"
dflash15,correction,1,cold,3.3384535619989038,21063,512,153.3644217274777,3.273566808027681,"96591, 97871, 1"
dflash15,correction,1,warm,2.7208179410081357,21063,512,188.17870622033988,2.650133572984487,"96591, 97871, 56"
dflash15,correction,4,cold,6.0686038010171615,86165,2048,337.47465927117105,5.297996382738347,"96591, 97871, 31"
dflash15,correction,4,warm,3.1518674429971725,86165,2048,649.7735190451147,2.4111345970013645,"96591, 97871, 57"
dflash15,correction,8,cold,9.041794857010245,163161,4096,453.0074022664103,8.274154251506843,"96590, 97871, 28"
dflash15,correction,8,warm,4.3687351099797525,163161,4096,937.5711497461295,3.717457667880808,"96590, 97871, 61"
dflash15,correction,16,cold,15.358880330983084,307548,8192,533.3722135639331,14.210036184886121,"96590, 97871, 55"
dflash15,correction,16,warm,5.049101022013929,307548,8192,1622.467042010672,4.2365559085628774,"96590, 97871, 63"
dflash15,correction,32,cold,25.28550052299397,566495,16384,647.9602800466939,23.094872375180785,"96590, 97871, 0"
dflash15,correction,32,warm,8.209440678998362,566495,16384,1995.7510676597055,6.993733483910546,"96590, 97871, 23"
dflash15,correction,64,cold,46.41009168198798,1096072,32768,706.0533347904901,38.7683703869061,"96590, 97871, 22"
dflash15,correction,64,warm,46.68540137499804,1096072,32768,701.8896493315493,38.879953648860464,"96589, 97871, 44"
